ID,CommonName,Dive Number,FS,Total Indices On Whale,Total Seconds on Whale,Deployment Start (Local Time),Deployment End (Local Time),Dive Start (Index),Seconds From Deployment Start,Dive Start (Local Time),Dive End (Index),Dive End (Local Time),Dive Time (Indices),Dive Time (s),Descending Time (s),Bottom Time (s),Ascending Time (s),Fluking Time (%),Non-Fluking Time (%),Max Depth (m),Mean Depth (m),Fluking During Bottom (%),Non-Fluking During Bottom (%),Dive Dominant Stroking Frequency (Hz),Bottom Dominant Stroking Frequency (Hz),Gape Area (AO),Posterior Opening (PO),Speed,Pressure Differential,Volume Flow Rate (m3 per s),Volume Per Day (Continuous Filtering)
bm08_123a,Bowhead Whale,1,5,17074,3414.8,,,6513,1302.6,,12642,,6129,1225.8,97.4,1045.6,83,84.15986949,15.84013051,90.18614714,65.97604607,84.35348125,15.64651875,0.275992836,0.279760072,4.23,1.39,0.7,2074.507479,5.10625131,441180.1132
bm08_126a,Bowhead Whale,2,5,50607,10121.4,,,9440,1888,,12653,,3213,642.6,208.6,206.4,227.8,83.26073429,16.73926571,122.3555954,74.62636032,79.74806202,20.25193798,0.221798904,0.238298081,4.23,1.39,0.7,2074.507479,5.10625131,441180.1132
bm08_126a,Bowhead Whale,3,5,50607,10121.4,,,33448,6689.6,,38812,,5364,1072.8,309,346.8,417.2,73.28984157,26.71015843,123.991627,81.99151075,78.66205306,21.33794694,0.210186083,0.192340062,4.23,1.39,0.7,2074.507479,5.10625131,441180.1132
bm08_126b,Bowhead Whale,4,5,25568,5113.6,,,5061,1012.2,,10005,,4944,988.8,81.6,800.4,107,90.75834176,9.241658241,95.39186213,73.31161249,93.95302349,6.046976512,0.250380601,0.252269993,4.23,1.39,0.7,2074.507479,5.10625131,441180.1132
bm08_126b,Bowhead Whale,5,5,25568,5113.6,,,10886,2177.2,,15722,,4836,967.2,137.4,755.8,74.2,89.02212115,10.97787885,96.83284944,84.20616342,93.7284996,6.271500397,0.255554613,0.254448519,4.23,1.39,0.7,2074.507479,5.10625131,441180.1132
bm08_126b,Bowhead Whale,6,5,25568,5113.6,,,16701,3340.2,,21291,,4590,918,83.6,629.2,205.4,82.26965803,17.73034197,93.43530674,80.29135163,84.42466624,15.57533376,0.263801017,0.262609127,4.23,1.39,0.7,2074.507479,5.10625131,441180.1132
bm08_126b,Bowhead Whale,7,5,25568,5113.6,,,22210,4442,,26779,,4569,913.8,97.6,521.6,294.8,54.72647702,45.27352298,97.76956264,74.45730883,72.66104294,27.33895706,0.271000923,0.275367673,4.23,1.39,0.7,2074.507479,5.10625131,441180.1132
bm08_127a,Bowhead Whale,8,5,45443,9088.6,,,1669,333.8,,6769,,5100,1020,136.4,736,147.8,92.33483631,7.665163693,106.4117479,92.87820822,99.375,0.625,0.290472833,0.281510092,4.23,1.39,0.7,2074.507479,5.10625131,441180.1132
bm08_127a,Bowhead Whale,9,5,45443,9088.6,,,7552,1510.4,,12510,,4958,991.6,205.4,680.2,106.2,85.23895947,14.76104053,114.319702,93.06967073,91.5613055,8.438694502,0.297708068,0.290959434,4.23,1.39,0.7,2074.507479,5.10625131,441180.1132
bm08_127a,Bowhead Whale,10,5,45443,9088.6,,,25411,5082.2,,27293,,1882,376.4,149,139.6,88,92.93680297,7.063197026,48.10307382,33.86876521,100,0,0.284025583,0.258408087,4.23,1.39,0.7,2074.507479,5.10625131,441180.1132
bm08_129a,Bowhead Whale,11,5,11443,2288.6,,,1106,221.2,,6578,,5472,1094.4,154.8,833,106.8,89.32943541,10.67056459,126.8092253,101.3423627,91.30852341,8.691476591,0.284095098,0.278912983,4.23,1.39,0.7,2074.507479,5.10625131,441180.1132
bm08_130a,Bowhead Whale,12,5,48747,9749.4,,,533,106.6,,4367,,3834,766.8,84.4,481.2,201.4,93.61147327,6.388526728,36.03629029,21.45340005,93.93183707,6.068162926,0.321115717,0.329460117,4.23,1.39,0.7,2074.507479,5.10625131,441180.1132
bm08_130a,Bowhead Whale,13,5,48747,9749.4,,,4965,993,,8101,,3136,627.2,64.8,542.6,20,92.6362767,7.363723303,17.37254793,12.8792641,98.30446001,1.695539993,0.321028037,0.319210997,4.23,1.39,0.7,2074.507479,5.10625131,441180.1132
bm08_130a,Bowhead Whale,14,5,48747,9749.4,,,8702,1740.4,,11737,,3035,607,57.8,508.2,41.2,91.63372859,8.36627141,26.11630623,18.2110717,93.7819756,6.2180244,0.31788449,0.316518059,4.23,1.39,0.7,2074.507479,5.10625131,441180.1132
bm08_130a,Bowhead Whale,15,5,48747,9749.4,,,12528,2505.6,,16170,,3642,728.4,62.8,585,80.8,91.27093055,8.729069448,44.85675443,22.84076381,94.11965812,5.88034188,0.292778905,0.297746723,4.23,1.39,0.7,2074.507479,5.10625131,441180.1132
bm08_130a,Bowhead Whale,16,5,48747,9749.4,,,16852,3370.4,,21524,,4672,934.4,28.8,885.4,20.4,96.21228333,3.78771667,27.91042551,13.50696032,97.98960922,2.010390784,0.315669556,0.315174154,4.23,1.39,0.7,2074.507479,5.10625131,441180.1132
bm08_130a,Bowhead Whale,17,5,48747,9749.4,,,22282,4456.4,,26093,,3811,762.2,18.6,724.6,19.2,90.18887723,9.81112277,22.97980365,13.7164454,91.27794645,8.722053547,0.315241421,0.316216131,4.23,1.39,0.7,2074.507479,5.10625131,441180.1132
bm08_130a,Bowhead Whale,18,5,48747,9749.4,,,26701,5340.2,,29385,,2684,536.8,88.8,391.8,56.4,91.47113594,8.52886406,24.96638227,17.04787697,93.21082185,6.789178152,0.311825541,0.307638464,4.23,1.39,0.7,2074.507479,5.10625131,441180.1132
bm08_130a,Bowhead Whale,19,5,48747,9749.4,,,29957,5991.4,,33591,,3634,726.8,27.4,591.2,108.4,95.51581843,4.484181568,33.11440238,20.14454976,96.95534506,3.044654939,0.308607847,0.306878806,4.23,1.39,0.7,2074.507479,5.10625131,441180.1132
bm08_130a,Bowhead Whale,20,5,48747,9749.4,,,34225,6845,,38178,,3953,790.6,54.8,689.4,46.6,89.17551846,10.82448154,40.59576727,24.01814363,94.66202495,5.337975051,0.286641192,0.288564556,4.23,1.39,0.7,2074.507479,5.10625131,441180.1132
bm08_130a,Bowhead Whale,21,5,48747,9749.4,,,38860,7772,,42447,,3587,717.4,56.4,594.2,67,87.7090301,12.2909699,43.44790725,21.92224353,94.81656008,5.183439919,0.305027086,0.304449183,4.23,1.39,0.7,2074.507479,5.10625131,441180.1132
bm08_130a,Bowhead Whale,22,5,48747,9749.4,,,43093,8618.6,,47474,,4381,876.2,45,812.6,18.8,90.16430853,9.835691465,25.49664181,11.50519575,91.38567561,8.614324391,0.309520124,0.309825099,4.23,1.39,0.7,2074.507479,5.10625131,441180.1132
eg01_207a,North Atlantic Right Whale,23,5.8824,116220,19757.24194,16:14:07,21:43:24,181,30.76975384,16:14:38,5131,17:39:38,4950,841.4932681,66.46946824,703.9643683,71.22943016,88.32559079,11.67440921,126.1999786,108.6339972,96.76406665,3.235933349,0.263850085,0.265301642,1.5,0.5,1.2,5904,3.054701295,263926.1919
eg01_207a,North Atlantic Right Whale,24,5.8824,116220,19757.24194,16:14:07,21:43:24,6275,1066.741466,16:31:54,11335,19:23:02,5060,860.1931185,85.33931729,701.24439,73.77940976,90.12052954,9.87947046,127.9170588,112.2830034,98.47272727,1.527272727,0.257946896,0.261106339,1.5,0.5,1.2,5904,3.054701295,263926.1919
eg01_207a,North Atlantic Right Whale,25,5.8824,116220,19757.24194,16:14:07,21:43:24,12560,2135.182919,16:49:42,17576,21:07:03,5016,852.7131783,78.19937441,704.4743642,70.20943832,90.57205501,9.427944987,127.9560284,110.7244129,98.38320463,1.616795367,0.257882348,0.260188823,1.5,0.5,1.2,5904,3.054701295,263926.1919
eg01_207a,North Atlantic Right Whale,26,5.8824,116220,19757.24194,16:14:07,21:43:24,18836,3202.094383,17:07:29,24024,22:54:31,5188,881.9529444,78.70937033,717.0542636,86.35930913,92.73463095,7.26536905,130.6744813,116.7285166,100,0,0.263499038,0.269458722,1.5,0.5,1.2,5904,3.054701295,263926.1919
eg01_207a,North Atlantic Right Whale,27,5.8824,116220,19757.24194,16:14:07,21:43:24,25176,4279.885761,17:25:27,29808,0:30:55,4632,787.4337005,80.40935673,626.2749898,80.91935265,90.20073387,9.799266134,133.3734273,116.6982364,97.58414767,2.415852334,0.265396274,0.272346625,1.5,0.5,1.2,5904,3.054701295,263926.1919
eg01_207a,North Atlantic Right Whale,28,5.8824,116220,19757.24194,16:14:07,21:43:24,30970,5264.857881,17:41:52,35767,2:10:14,4797,815.4834761,86.86930505,643.4448524,85.33931729,85.8274281,14.1725719,146.9734333,125.4967119,96.88243065,3.117569353,0.273892787,0.277911867,1.5,0.5,1.2,5904,3.054701295,263926.1919
eg01_207a,North Atlantic Right Whale,29,5.8824,116220,19757.24194,16:14:07,21:43:24,36854,6265.129879,17:58:32,41631,3:47:58,4777,812.0835033,92.64925881,639.3648851,80.23935809,83.88447049,16.11552951,152.7192295,135.5123466,98.32491359,1.675086413,0.273910659,0.275169583,1.5,0.5,1.2,5904,3.054701295,263926.1919
eg01_207a,North Atlantic Right Whale,30,5.8824,116220,19757.24194,16:14:07,21:43:24,42764,7269.821841,18:15:17,47677,5:28:44,4913,835.2033184,99.10920713,651.9447844,84.31932545,80.62678063,19.37321937,159.9632545,138.509291,94.60234681,5.397653194,0.271126602,0.273325774,1.5,0.5,1.2,5904,3.054701295,263926.1919
eg01_207a,North Atlantic Right Whale,31,5.8824,116220,19757.24194,16:14:07,21:43:24,48920,8316.333469,18:32:43,53866,7:11:53,4946,840.8132735,90.60927513,664.1846865,86.18931049,79.82615727,20.17384273,161.2721005,140.8543085,93.57563348,6.424366522,0.265945791,0.267647417,1.5,0.5,1.2,5904,3.054701295,263926.1919
eg01_207a,North Atlantic Right Whale,32,5.8824,116220,19757.24194,16:14:07,21:43:24,55041,9356.895145,18:50:04,60240,8:58:07,5199,883.8229294,95.36923705,693.4244526,95.19923841,87.21153846,12.78846154,161.3330703,142.3903989,100,0,0.25837281,0.260196108,1.5,0.5,1.2,5904,3.054701295,263926.1919
eg01_207a,North Atlantic Right Whale,33,5.8824,116220,19757.24194,16:14:07,21:43:24,61512,10456.95634,19:08:24,66454,10:41:41,4942,840.1332789,94.85924113,664.0146879,81.42934857,85.11025693,14.88974307,158.374436,133.3925467,96.69738863,3.302611367,0.265776034,0.269013391,1.5,0.5,1.2,5904,3.054701295,263926.1919
eg01_207a,North Atlantic Right Whale,34,5.8824,116220,19757.24194,16:14:07,21:43:24,67753,11517.91786,19:26:05,71812,12:10:59,4059,690.0244798,102.8491772,498.4360125,88.90928873,82.09359606,17.90640394,149.6854573,127.5613699,100,0,0.266060818,0.270042639,1.5,0.5,1.2,5904,3.054701295,263926.1919
eg01_207a,North Atlantic Right Whale,35,5.8824,116220,19757.24194,16:14:07,21:43:24,72845,12383.55093,19:40:31,77357,13:43:24,4512,767.0338637,85.84931321,598.0552156,83.29933361,85.41989807,14.58010193,151.0571689,127.2643952,97.86810688,2.131893121,0.270655252,0.271995576,1.5,0.5,1.2,5904,3.054701295,263926.1919
eg01_207a,North Atlantic Right Whale,36,5.8824,116220,19757.24194,16:14:07,21:43:24,78426,13332.31334,19:56:19,82524,15:09:31,4098,696.6544268,98.93920849,518.495852,79.38936489,88.68016589,11.31983411,142.2905289,120.9465945,100,0,0.268828765,0.274559123,1.5,0.5,1.2,5904,3.054701295,263926.1919
eg01_207a,North Atlantic Right Whale,37,5.8824,116220,19757.24194,16:14:07,21:43:24,83490,14193.18645,20:10:40,87941,16:39:48,4451,756.6639467,90.26927785,586.1553108,80.40935673,83.71518419,16.28481581,138.8819329,121.7538814,93.56148492,6.438515081,0.272545969,0.275867859,1.5,0.5,1.2,5904,3.054701295,263926.1919
eg01_207a,North Atlantic Right Whale,38,5.8824,116220,19757.24194,16:14:07,21:43:24,88944,15120.35904,20:26:07,93477,18:12:04,4533,770.6038352,86.18931049,602.9851761,81.59934721,89.23687693,10.76312307,143.493992,120.4825767,100,0,0.268483939,0.27032333,1.5,0.5,1.2,5904,3.054701295,263926.1919
eg01_207a,North Atlantic Right Whale,39,5.8824,116220,19757.24194,16:14:07,21:43:24,94532,16070.31144,20:41:57,99139,19:46:26,4607,783.1837345,93.66925065,608.0851353,81.59934721,90.60329861,9.396701389,141.6192038,121.386537,100,0,0.267916397,0.270120768,1.5,0.5,1.2,5904,3.054701295,263926.1919
eg01_207a,North Atlantic Right Whale,40,5.8824,116220,19757.24194,16:14:07,21:43:24,100265,17044.91364,20:58:12,104663,21:18:30,4398,747.6540188,91.62926697,570.00544,86.18931049,87.31529893,12.68470107,139.4549121,119.557793,98.3596779,1.6403221,0.265791536,0.270657553,1.5,0.5,1.2,5904,3.054701295,263926.1919
eg01_207a,North Atlantic Right Whale,41,5.8824,116220,19757.24194,16:14:07,21:43:24,105632,17957.29634,21:13:24,110041,22:48:08,4409,749.5240038,96.55922753,573.0654155,80.06935945,83.44671202,16.55328798,137.1663878,115.4721314,98.07178879,1.928211213,0.26473521,0.265627125,1.5,0.5,1.2,5904,3.054701295,263926.1919
eg01_207a,North Atlantic Right Whale,42,5.8824,116220,19757.24194,16:14:07,21:43:24,111031,18875.119,21:28:42,116149,0:29:56,5118,870.0530396,88.90928873,698.6944104,82.61933905,87.36081266,12.63918734,137.5307411,116.5189412,96.39902676,3.600973236,0.261251147,0.26241924,1.5,0.5,1.2,5904,3.054701295,263926.1919
eg01_214a,North Atlantic Right Whale,43,5.8824,29020,4933.360533,9:57:25,11:19:38,1089,185.128519,10:00:30,4775,11:17:00,3686,626.6149871,95.02923977,447.7764178,83.97932817,79.03444535,20.96555465,148.9281395,125.1871116,90.0531511,9.946848899,0.287210105,0.285519766,1.5,0.5,1.2,5904,3.054701295,263926.1919
eg01_214a,North Atlantic Right Whale,44,5.8824,29020,4933.360533,9:57:25,11:19:38,5737,975.2821977,10:13:40,9723,12:39:28,3986,677.6145791,112.369101,472.9362165,92.47926017,79.834462,20.165538,157.19779,127.0192263,92.84687275,7.153127247,0.260000247,0.261068884,1.5,0.5,1.2,5904,3.054701295,263926.1919
eg01_214a,North Atlantic Right Whale,45,5.8824,29020,4933.360533,9:57:25,11:19:38,10863,1846.695226,10:28:12,14659,14:01:44,3796,645.3148375,95.70923433,454.746362,95.02923977,76.90281801,23.09718199,147.1100899,125.0937373,89.53271028,10.46728972,0.278828604,0.278481909,1.5,0.5,1.2,5904,3.054701295,263926.1919
eg01_214a,North Atlantic Right Whale,46,5.8824,29020,4933.360533,9:57:25,11:19:38,15658,2661.838705,10:41:47,19258,15:18:23,3600,611.995104,99.78920169,406.126751,106.24915,72.09108581,27.90891419,149.9028411,122.8496214,88.36333194,11.63666806,0.276208139,0.276639516,1.5,0.5,1.2,5904,3.054701295,263926.1919
eg01_214a,North Atlantic Right Whale,47,5.8824,29020,4933.360533,9:57:25,11:19:38,20339,3457.602339,10:55:03,24046,16:38:11,3707,630.1849585,100.2991976,434.8565211,95.19923841,80.31283711,19.68716289,146.2498774,117.8238892,93.5887412,6.411258796,0.276129368,0.28030122,1.5,0.5,1.2,5904,3.054701295,263926.1919
eg01_214a,North Atlantic Right Whale,48,5.8824,29020,4933.360533,9:57:25,11:19:38,25138,4273.425813,11:08:38,28959,18:00:04,3821,649.5648035,125.628995,413.6066911,110.499116,75.45787546,24.54212454,175.923025,130.1804769,86.39539663,13.60460337,0.272950153,0.274432059,1.5,0.5,1.2,5904,3.054701295,263926.1919
eg02_213b,North Atlantic Right Whale,49,5.8824,32001,5440.126479,9:23:00,10:53:40,3915,665.5446756,9:34:06,7628,11:30:08,3713,631.2049504,83.12933497,409.3567251,138.8888889,94.26494346,5.735056543,160.4797288,113.5703272,100,0,0.207943638,0.20337596,1.5,0.5,1.2,5904,3.054701295,263926.1919
eg02_213b,North Atlantic Right Whale,50,5.8824,32001,5440.126479,9:23:00,10:53:40,8257,1403.678771,9:46:24,12419,12:49:59,4162,707.5343397,127.6689786,447.9464164,132.0889433,92.62551045,7.374489551,153.3471185,98.7602194,100,0,0.205240645,0.208597501,1.5,0.5,1.2,5904,3.054701295,263926.1919
eg02_213b,North Atlantic Right Whale,51,5.8824,32001,5440.126479,9:23:00,10:53:40,13047,2217.972256,9:59:58,16578,13:59:18,3531,600.2651979,64.93948048,476.8461852,58.6495308,92.24235561,7.757644394,82.15332397,71.51089114,94.4741533,5.525846702,0.211837268,0.214621958,1.5,0.5,1.2,5904,3.054701295,263926.1919
eg02_213b,North Atlantic Right Whale,52,5.8824,32001,5440.126479,9:23:00,10:53:40,17567,2986.366109,10:12:46,22485,15:37:45,4918,836.0533116,72.07942336,699.7144023,64.42948456,96.50335434,3.49664566,105.5543989,88.26141185,100,0,0.202045852,0.201185048,1.5,0.5,1.2,5904,3.054701295,263926.1919
eg02_213b,North Atlantic Right Whale,53,5.8824,32001,5440.126479,9:23:00,10:53:40,23373,3973.378213,10:29:13,27771,17:05:51,4398,747.6540188,103.869169,566.6054672,77.3493812,93.18026824,6.819731757,111.7731902,89.60113796,96.24962496,3.750375038,0.205037686,0.206888678,1.5,0.5,1.2,5904,3.054701295,263926.1919
eg02_213g,North Atlantic Right Whale,54,5.8824,108470,18439.75248,15:05:27,20:12:47,563,95.70923433,15:07:03,5127,16:30:54,4564,775.873793,117.4690602,539.4056848,119.1690466,90.14238773,9.857612267,169.6917215,140.9665859,97.98298141,2.017018594,0.263227884,0.261115758,1.5,0.5,1.2,5904,3.054701295,263926.1919
eg02_213g,North Atlantic Right Whale,55,5.8824,108470,18439.75248,15:05:27,20:12:47,6105,1037.841697,15:22:45,9945,17:51:12,3840,652.7947776,133.7889297,397.2868217,121.8890249,80.10934652,19.89065348,184.364853,142.2401914,96.79075738,3.209242619,0.273552466,0.269656233,1.5,0.5,1.2,5904,3.054701295,263926.1919
eg02_213g,North Atlantic Right Whale,56,5.8824,108470,18439.75248,15:05:27,20:12:47,10755,1828.335373,15:35:55,15165,19:18:12,4410,749.6940024,119.5090439,502.005984,128.3489732,88.91407844,11.08592156,179.4993425,146.1980742,95.56383339,4.43616661,0.272880456,0.274317178,1.5,0.5,1.2,5904,3.054701295,263926.1919
eg02_213g,North Atlantic Right Whale,57,5.8824,108470,18439.75248,15:05:27,20:12:47,16115,2739.528084,15:51:07,20711,20:50:38,4596,781.3137495,117.129063,535.495716,128.8589691,85.64281053,14.35718947,179.99868,147.4003594,95.74603175,4.253968254,0.264033164,0.263648849,1.5,0.5,1.2,5904,3.054701295,263926.1919
eg02_213g,North Atlantic Right Whale,58,5.8824,108470,18439.75248,15:05:27,20:12:47,21718,3692.030464,16:06:59,24736,21:57:43,3018,513.0558956,113.3890929,142.7988576,257.0379437,84.365684,15.634316,171.9584797,107.3084019,100,0,0.335320839,0.278454334,1.5,0.5,1.2,5904,3.054701295,263926.1919
eg02_213g,North Atlantic Right Whale,59,5.8824,108470,18439.75248,15:05:27,20:12:47,29311,4982.830137,16:28:30,33948,0:31:15,4637,788.2836937,114.9190806,514.0758874,159.4587243,88.37861147,11.62138853,163.2492016,126.4098408,99.14021164,0.85978836,0.269170299,0.268066156,1.5,0.5,1.2,5904,3.054701295,263926.1919
eg02_213g,North Atlantic Right Whale,60,5.8824,108470,18439.75248,15:05:27,20:12:47,35830,6091.051272,16:46:58,39925,2:10:52,4095,696.1444308,125.7989936,433.496532,137.0189038,93.359375,6.640625,177.9612243,132.4436218,100,0,0.258450045,0.254716688,1.5,0.5,1.2,5904,3.054701295,263926.1919
eg02_213g,North Atlantic Right Whale,61,5.8824,108470,18439.75248,15:05:27,20:12:47,40990,6968.244254,17:01:35,45428,3:42:35,4438,754.4539644,128.6889705,500.8159935,125.118999,90.29060599,9.709394008,174.8126139,144.1952472,98.98167006,1.018329939,0.275413493,0.271685703,1.5,0.5,1.2,5904,3.054701295,263926.1919
eg02_213g,North Atlantic Right Whale,62,5.8824,108470,18439.75248,15:05:27,20:12:47,46829,7960.866313,17:18:08,51047,5:16:14,4218,717.0542636,120.3590371,467.6662587,129.1989664,88.57549182,11.42450818,183.3990155,149.5827867,100,0,0.296091417,0.293240655,1.5,0.5,1.2,5904,3.054701295,263926.1919
eg02_213g,North Atlantic Right Whale,63,5.8824,108470,18439.75248,15:05:27,20:12:47,52140,8863.72909,17:33:11,56008,6:38:55,3868,657.5547396,123.7590099,419.0466476,114.9190806,89.42879297,10.57120703,187.6930609,146.4667424,94.88843813,5.111561866,0.286728574,0.284095006,1.5,0.5,1.2,5904,3.054701295,263926.1919
eg02_213g,North Atlantic Right Whale,64,5.8824,108470,18439.75248,15:05:27,20:12:47,56993,9688.73249,17:46:56,61560,8:11:27,4567,776.3837889,114.2390861,548.75561,113.5590915,84.50087566,15.49912434,178.2678496,150.1317773,94.95043371,5.049566295,0.259199932,0.257593294,1.5,0.5,1.2,5904,3.054701295,263926.1919
eg02_213g,North Atlantic Right Whale,65,5.8824,108470,18439.75248,15:05:27,20:12:47,62475,10620.66503,18:02:28,66931,9:40:58,4456,757.5139399,113.0490956,531.9257446,112.7090983,86.717523,13.282477,183.741586,151.4761522,97.82678172,2.173218281,0.256566415,0.25688859,1.5,0.5,1.2,5904,3.054701295,263926.1919
eg02_213g,North Atlantic Right Whale,66,5.8824,108470,18439.75248,15:05:27,20:12:47,67906,11543.92765,18:17:51,72275,11:10:02,4369,742.7240582,110.3291174,513.3958928,119.1690466,86.24713959,13.75286041,181.9416185,151.3457188,97.45033113,2.549668874,0.258818476,0.260226261,1.5,0.5,1.2,5904,3.054701295,263926.1919
eg02_213g,North Atlantic Right Whale,67,5.8824,108470,18439.75248,15:05:27,20:12:47,73245,12451.55039,18:32:59,77880,12:43:27,4635,787.9436965,109.9891201,573.2354141,104.8891609,85.3106126,14.6893874,180.099796,145.591327,97.56820878,2.431791222,0.258545673,0.258954384,1.5,0.5,1.2,5904,3.054701295,263926.1919
eg02_213g,North Atlantic Right Whale,68,5.8824,108470,18439.75248,15:05:27,20:12:47,79121,13450.4624,18:49:37,83619,14:19:06,4498,764.6538828,119.3390453,538.8956888,106.5891473,86.33029562,13.66970438,180.1658487,143.6765284,95.99369085,4.006309148,0.25775878,0.258094974,1.5,0.5,1.2,5904,3.054701295,263926.1919
eg02_213g,North Atlantic Right Whale,69,5.8824,108470,18439.75248,15:05:27,20:12:47,84663,14392.59486,19:05:20,88539,15:41:06,3876,658.9147287,130.5589555,415.3066775,113.2190942,88.03198349,11.96801651,179.5615001,138.7845034,97.2984036,2.701596398,0.270218329,0.271536272,1.5,0.5,1.2,5904,3.054701295,263926.1919
eg02_213g,North Atlantic Right Whale,70,5.8824,108470,18439.75248,15:05:27,20:12:47,89383,15194.98844,19:18:42,93831,17:09:18,4448,756.1539508,120.1890385,498.4360125,137.6988984,89.41335131,10.58664869,174.2253461,143.6217453,96.69167804,3.308321965,0.262767746,0.263196832,1.5,0.5,1.2,5904,3.054701295,263926.1919
eg02_213g,North Atlantic Right Whale,71,5.8824,108470,18439.75248,15:05:27,20:12:47,95290,16199.17041,19:35:26,99624,18:45:51,4334,736.7741058,118.8290494,512.0359037,106.0791514,89.088812,10.911188,172.5533674,143.2813769,95.8499336,4.150066401,0.265700652,0.261569477,1.5,0.5,1.2,5904,3.054701295,263926.1919
eg02_213g,North Atlantic Right Whale,72,5.8824,108470,18439.75248,15:05:27,20:12:47,101646,17279.68176,19:53:27,104766,20:11:33,3120,530.3957568,119.8490412,302.0875833,108.629131,88.40115348,11.59884652,153.1980934,118.8160112,87.84468205,12.15531795,0.248199708,0.244099442,1.5,0.5,1.2,5904,3.054701295,263926.1919
eg02_220f,North Atlantic Right Whale,73,5.8824,25286,4298.585611,15:39:58,16:51:37,287,48.78960968,15:40:47,3301,16:34:59,3014,512.375901,65.78947368,357.3371413,89.41928465,76.11940299,23.88059701,87.21596826,74.26370819,76.78401522,23.21598478,0.26742731,0.256421856,1.5,0.5,1.2,5904,3.054701295,263926.1919
eg02_220f,North Atlantic Right Whale,74,5.8824,25286,4298.585611,15:39:58,16:51:37,4719,802.2235822,15:53:20,9094,18:11:32,4375,743.74405,74.62940296,572.2154223,97.06922345,91.49908592,8.500914077,88.66302907,76.54081428,100,0,0.283310067,0.2782209,1.5,0.5,1.2,5904,3.054701295,263926.1919
eg02_220f,North Atlantic Right Whale,75,5.8824,25286,4298.585611,15:39:58,16:51:37,10859,1846.015232,16:10:44,15531,19:58:49,4672,794.2336461,76.66938664,632.0549436,85.67931457,94.84271346,5.15728654,87.13198882,76.87029391,100,0,0.275521123,0.268483514,1.5,0.5,1.2,5904,3.054701295,263926.1919
eg02_220f,North Atlantic Right Whale,76,5.8824,25286,4298.585611,15:39:58,16:51:37,16968,2884.536924,16:28:03,21632,21:40:30,4664,792.873657,71.05943152,573.74541,148.2388141,94.0192926,5.980707395,87.39549056,74.7596587,98.01481481,1.985185185,0.304176449,0.2926662,1.5,0.5,1.2,5904,3.054701295,263926.1919
eg02_221d,North Atlantic Right Whale,77,5.8824,167380,28454.37237,13:29:39,21:23:53,4763,809.7035224,13:43:09,7779,15:39:18,3016,512.7158983,82.61933905,321.6374269,108.629131,96.28770302,3.712296984,89.50727846,71.25275066,100,0,0.283969563,0.277555383,1.5,0.5,1.2,5904,3.054701295,263926.1919
eg02_221d,North Atlantic Right Whale,78,5.8824,167380,28454.37237,13:29:39,21:23:53,13337,2267.271862,14:07:26,17991,18:29:30,4654,791.1736706,103.3591731,585.8153135,102.1691826,91.96562836,8.034371643,88.33025329,75.4343986,95.85026117,4.149738828,0.25333275,0.250544764,1.5,0.5,1.2,5904,3.054701295,263926.1919
eg02_221d,North Atlantic Right Whale,79,5.8824,167380,28454.37237,13:29:39,21:23:53,19415,3300.523596,14:24:40,24627,20:20:06,5212,886.0329117,122.7390181,672.3446212,91.11927105,96.14425475,3.855745252,90.78868341,79.44449593,98.15423515,1.845764855,0.243622334,0.241879176,1.5,0.5,1.2,5904,3.054701295,263926.1919
eg02_221d,North Atlantic Right Whale,80,5.8824,167380,28454.37237,13:29:39,21:23:53,26172,4449.204406,14:43:48,31135,22:08:34,4963,843.7032504,121.7190262,635.7949136,86.35930913,94.39967768,5.600322321,92.91818835,78.50810179,96.68449198,3.315508021,0.249870125,0.252084472,1.5,0.5,1.2,5904,3.054701295,263926.1919
eg02_221d,North Atlantic Right Whale,81,5.8824,167380,28454.37237,13:29:39,21:23:53,33065,5621.005032,15:03:20,38379,0:09:18,5314,903.372773,89.92928057,718.0742554,95.53923569,94.09219191,5.90780809,89.4070803,77.9293758,96.92234848,3.077651515,0.248734043,0.246462244,1.5,0.5,1.2,5904,3.054701295,263926.1919
eg02_221d,North Atlantic Right Whale,82,5.8824,167380,28454.37237,13:29:39,21:23:53,40241,6840.915273,15:23:40,45150,2:02:09,4909,834.5233238,88.56929145,645.3148375,100.8091935,83.2586558,16.7413442,91.84272973,78.63280386,85.03688093,14.96311907,0.242761813,0.239343095,1.5,0.5,1.2,5904,3.054701295,263926.1919
eg02_221d,North Atlantic Right Whale,83,5.8824,167380,28454.37237,13:29:39,21:23:53,46651,7930.606555,15:41:50,50641,3:33:40,3990,678.2945736,102.8491772,273.1878145,302.4275806,72.48809822,27.51190178,94.51851976,66.3444013,83.88301182,16.11698818,0.282359139,0.248835745,1.5,0.5,1.2,5904,3.054701295,263926.1919
eg02_221d,North Atlantic Right Whale,84,5.8824,167380,28454.37237,13:29:39,21:23:53,53363,9071.637427,16:00:51,57760,5:32:19,4397,747.4840201,136.1689106,516.625867,94.85924113,95.81628013,4.183719873,90.445177,74.17195274,96.08423824,3.915761764,0.246532192,0.239568248,1.5,0.5,1.2,5904,3.054701295,263926.1919
eg02_221d,North Atlantic Right Whale,85,5.8824,167380,28454.37237,13:29:39,21:23:53,58707,9980.110159,16:15:59,60459,6:17:18,1752,297.8376173,107.7791378,57.28954168,132.9389365,77.63833428,22.36166572,91.09874684,58.40514743,100,0,0.263936387,0.228484028,1.5,0.5,1.2,5904,3.054701295,263926.1919
eg02_221d,North Atlantic Right Whale,86,5.8824,167380,28454.37237,13:29:39,21:23:53,62508,10626.27499,16:26:45,67206,8:09:45,4698,798.6536108,105.0591595,570.6854345,123.0790154,94.93509257,5.064907427,91.77711115,75.31495573,97.82543938,2.17456062,0.23049562,0.225392471,1.5,0.5,1.2,5904,3.054701295,263926.1919
eg02_221d,North Atlantic Right Whale,87,5.8824,167380,28454.37237,13:29:39,21:23:53,69522,11818.64545,16:46:38,74840,10:16:59,5318,904.0527676,101.3191894,708.5543316,94.34924521,92.08497838,7.915021621,97.38697437,84.80855798,96.76103647,3.238963532,0.236023482,0.229468257,1.5,0.5,1.2,5904,3.054701295,263926.1919
eg02_221d,North Atlantic Right Whale,88,5.8824,167380,28454.37237,13:29:39,21:23:53,76423,12991.80607,17:06:11,80845,11:57:04,4422,751.7339861,106.9291446,521.7258262,123.249014,90.0520009,9.947999096,91.9673014,75.1840634,97.88204627,2.117953731,0.237483268,0.23437765,1.5,0.5,1.2,5904,3.054701295,263926.1919
eg02_221d,North Atlantic Right Whale,89,5.8824,167380,28454.37237,13:29:39,21:23:53,82421,14011.45791,17:23:10,86695,13:34:34,4274,726.5741874,124.6090031,495.5460356,106.5891473,92.95906433,7.040935673,93.02664966,72.64556052,100,0,0.230742318,0.228596521,1.5,0.5,1.2,5904,3.054701295,263926.1919
eg02_221d,North Atlantic Right Whale,90,5.8824,167380,28454.37237,13:29:39,21:23:53,88237,15000.17,17:39:39,93152,15:22:11,4915,835.5433157,104.379165,654.8347613,76.499388,91.63954434,8.360455655,78.70688128,65.82006051,100,0,0.241285851,0.240368184,1.5,0.5,1.2,5904,3.054701295,263926.1919
eg02_221d,North Atlantic Right Whale,91,5.8824,167380,28454.37237,13:29:39,21:23:53,94607,16083.06134,17:57:42,99024,17:00:03,4417,750.8839929,91.45926833,548.5856113,111.0091119,89.11272069,10.88727931,86.78631324,68.15523456,97.737837,2.262163,0.235918693,0.22863,1.5,0.5,1.2,5904,3.054701295,263926.1919
eg02_221d,North Atlantic Right Whale,92,5.8824,167380,28454.37237,13:29:39,21:23:53,122152,20765.67387,19:15:45,125687,0:24:26,3535,600.9451924,83.46933225,387.2569019,130.3889569,89.59276018,10.40723982,86.63654937,59.58474805,97.10272169,2.897278314,0.259544486,0.25178692,1.5,0.5,1.2,5904,3.054701295,263926.1919
eg02_222c,North Atlantic Right Whale,93,5.8824,36120,6140.350877,16:07:29,17:49:49,241,40.96967224,16:08:10,4249,17:18:18,4008,681.3545492,89.41928465,498.0960152,94.00924793,88.92491893,11.07508107,165.9421401,136.265579,96.31399317,3.686006826,0.284245864,0.277138287,1.5,0.5,1.2,5904,3.054701295,263926.1919
eg02_222c,North Atlantic Right Whale,94,5.8824,36120,6140.350877,16:07:29,17:49:49,5964,1013.871889,16:24:23,9258,18:41:47,3294,559.9755202,90.94927241,361.0771114,108.119135,89.31714719,10.68285281,165.1695701,127.8806656,97.22222222,2.777777778,0.280422744,0.27755932,1.5,0.5,1.2,5904,3.054701295,263926.1919
eg02_222c,North Atlantic Right Whale,95,5.8824,36120,6140.350877,16:07:29,17:49:49,10505,1785.835713,16:37:15,14766,20:13:35,4261,724.3642051,106.0791514,524.1058072,94.34924521,92.21022994,7.789770061,161.1348613,130.0163838,100,0,0.280185247,0.27263236,1.5,0.5,1.2,5904,3.054701295,263926.1919
eg02_222c,North Atlantic Right Whale,96,5.8824,36120,6140.350877,16:07:29,17:49:49,16322,2774.717802,16:53:44,19311,21:29:20,2989,508.125935,97.23922209,232.5581395,178.498572,87.090301,12.909699,160.7767775,109.5963061,98.5380117,1.461988304,0.274368091,0.278248715,1.5,0.5,1.2,5904,3.054701295,263926.1919
eg02_222c,North Atlantic Right Whale,97,5.8824,36120,6140.350877,16:07:29,17:49:49,20653,3510.981912,17:06:00,24567,22:56:56,3914,665.374677,109.3091255,454.5763634,101.6591867,92.00510856,7.994891443,159.4481206,126.7894131,100,0,0.272434335,0.267223503,1.5,0.5,1.2,5904,3.054701295,263926.1919
eg02_222c,North Atlantic Right Whale,98,5.8824,36120,6140.350877,16:07:29,17:49:49,26824,4560.04352,17:23:29,30838,0:41:27,4014,682.374541,103.1891745,460.8663131,118.4890521,89.9626401,10.0373599,164.7786691,127.6054794,100,0,0.268547917,0.261549719,1.5,0.5,1.2,5904,3.054701295,263926.1919
eg02_222c,North Atlantic Right Whale,99,5.8824,36120,6140.350877,16:07:29,17:49:49,32438,5514.415885,17:39:23,36100,2:09:09,3662,622.5350197,111.3491092,349.8572011,161.498708,74.11957412,25.88042588,158.5001039,119.2099441,90.08746356,9.912536443,0.26166129,0.256076514,1.5,0.5,1.2,5904,3.054701295,263926.1919
eg02_229e,North Atlantic Right Whale,100,5.8824,91310,15522.57582,15:51:35,20:10:18,871,148.0688154,15:54:03,4158,17:00:53,3287,558.7855297,114.0690874,351.3871889,93.49925201,72.08029197,27.91970803,133.4942684,112.8572054,85.09917755,14.90082245,0.238156314,0.235879108,1.5,0.5,1.2,5904,3.054701295,263926.1919
eg02_229e,North Atlantic Right Whale,101,5.8824,91310,15522.57582,15:51:35,20:10:18,5031,855.2631579,16:05:50,9381,18:27:56,4350,739.494084,129.0289678,516.7958656,93.83924929,87.72695932,12.27304068,132.4457816,113.1813664,90.625,9.375,0.235670231,0.246415435,1.5,0.5,1.2,5904,3.054701295,263926.1919
eg02_229e,North Atlantic Right Whale,102,5.8824,91310,15522.57582,15:51:35,20:10:18,10348,1759.145927,16:20:54,13918,19:43:33,3570,606.8951448,126.8189854,371.9570243,108.2891337,76.11313358,23.88686642,133.4542656,108.4137322,80.94149909,19.05850091,0.245190366,0.250331668,1.5,0.5,1.2,5904,3.054701295,263926.1919
eg02_229e,North Atlantic Right Whale,103,5.8824,91310,15522.57582,15:51:35,20:10:18,14718,2502.039984,16:33:17,18709,21:03:24,3991,678.4645723,131.5789474,102.6791786,444.376445,81.51302605,18.48697395,135.3034834,74.83607279,100,0,0.264471046,0.247725841,1.5,0.5,1.2,5904,3.054701295,263926.1919
eg02_229e,North Atlantic Right Whale,104,5.8824,91310,15522.57582,15:51:35,20:10:18,35005,5950.802394,17:30:46,38043,2:25:38,3038,516.4558684,221.6782266,125.118999,169.8286414,71.27344521,28.72655479,109.8758295,64.92765963,84.64673913,15.35326087,0.225780841,0.212784679,1.5,0.5,1.2,5904,3.054701295,263926.1919
eg02_229e,North Atlantic Right Whale,105,5.8824,91310,15522.57582,15:51:35,20:10:18,38930,6618.047056,17:41:53,42461,3:39:16,3531,600.2651979,204.1683667,284.4077247,111.8591051,89.4394111,10.5605889,107.60639,78.06313388,97.19067543,2.809324567,0.223004503,0.230385471,1.5,0.5,1.2,5904,3.054701295,263926.1919
eg02_229e,North Atlantic Right Whale,106,5.8824,91310,15522.57582,15:51:35,20:10:18,43420,7381.340949,17:54:36,46662,4:49:17,3242,551.1355909,139.2288862,129.368965,282.7077383,71.63120567,28.36879433,113.755291,72.98503053,77.26675427,22.73324573,0.227512288,0.214380567,1.5,0.5,1.2,5904,3.054701295,263926.1919
eg02_229e,North Atlantic Right Whale,107,5.8824,91310,15522.57582,15:51:35,20:10:18,87855,14935.23052,20:00:30,91281,17:12:56,3426,582.4153407,128.5189718,337.4473004,116.619067,83.16311643,16.83688357,100.6961662,78.80630311,81.10831234,18.89168766,0.20935019,0.205687644,1.5,0.5,1.2,5904,3.054701295,263926.1919
eg02_232d,North Atlantic Right Whale,108,5.8824,88506,15045.89963,13:58:27,18:09:13,2249,382.3269414,14:04:49,6234,15:42:21,3985,677.4445804,137.6988984,449.1364069,90.77927377,79.35273457,20.64726543,127.2136048,97.65913368,82.02119606,17.97880394,0.222577477,0.205714865,1.5,0.5,1.2,5904,3.054701295,263926.1919
eg02_232d,North Atlantic Right Whale,109,5.8824,88506,15045.89963,13:58:27,18:09:13,7884,1340.269278,14:20:47,14286,17:56:33,6402,1088.331293,100.6391949,894.872841,92.98925609,92.75339685,7.246603155,125.3261062,110.5764476,96.99848024,3.001519757,0.20269504,0.195536614,1.5,0.5,1.2,5904,3.054701295,263926.1919
eg02_232d,North Atlantic Right Whale,110,5.8824,88506,15045.89963,13:58:27,18:09:13,15655,2661.328709,14:42:48,21618,19:58:45,5963,1013.70189,84.82932137,807.1535428,121.8890249,90.15761234,9.842387659,127.5661733,110.0269201,96.33529907,3.664700927,0.192490757,0.190084678,1.5,0.5,1.2,5904,3.054701295,263926.1919
eg02_232d,North Atlantic Right Whale,111,5.8824,88506,15045.89963,13:58:27,18:09:13,27177,4620.05304,15:15:27,32212,22:55:19,5035,855.9431525,106.0791514,653.3047736,96.72922617,88.97934869,11.02065131,120.1901578,98.60197698,100,0,0.199659731,0.198781178,1.5,0.5,1.2,5904,3.054701295,263926.1919
eg02_232d,North Atlantic Right Whale,112,5.8824,88506,15045.89963,13:58:27,18:09:13,33273,5656.364749,15:32:43,36571,0:07:58,3298,560.6555148,83.29933361,376.8869849,100.6391949,64.23158533,35.76841467,120.5826773,93.31212345,66.93730266,33.06269734,0.211059456,0.198222361,1.5,0.5,1.2,5904,3.054701295,263926.1919
eg02_232d,North Atlantic Right Whale,113,5.8824,88506,15045.89963,13:58:27,18:09:13,39559,6724.9762,15:50:32,45121,2:30:28,5562,945.5324357,107.6091391,701.4143887,136.6789066,90.72442926,9.275570735,133.3976788,114.3585805,98.61851672,1.381483277,0.195360628,0.194059164,1.5,0.5,1.2,5904,3.054701295,263926.1919
eg02_232d,North Atlantic Right Whale,114,5.8824,88506,15045.89963,13:58:27,18:09:13,46179,7850.367197,16:09:17,49263,3:39:30,3084,524.2758058,172.0386237,217.9382565,134.4689242,86.96920583,13.03079417,135.8336692,99.11444161,100,0,0.205265129,0.163218999,1.5,0.5,1.2,5904,3.054701295,263926.1919
eg02_232d,North Atlantic Right Whale,115,5.8824,88506,15045.89963,13:58:27,18:09:13,54554,9274.105807,16:33:01,59409,6:28:36,4855,825.3433973,96.89922481,609.1051272,119.5090439,88.1383855,11.8616145,136.5209969,110.231705,97.96260117,2.037398828,0.221462347,0.210543655,1.5,0.5,1.2,5904,3.054701295,263926.1919
eg02_232d,North Atlantic Right Whale,116,5.8824,88506,15045.89963,13:58:27,18:09:13,76035,12925.84659,17:33:53,81908,12:43:35,5873,998.4020128,99.95920033,754.1139671,144.498844,94.10963568,5.890364317,153.7440003,131.4089199,100,0,0.198888249,0.195393582,1.5,0.5,1.2,5904,3.054701295,263926.1919
eg02_233a,North Atlantic Right Whale,117,5.8824,38051,6468.618251,9:01:49,10:49:38,904,153.6787706,9:04:23,3643,10:02:32,2739,465.626275,123.9290086,181.3885489,160.4787162,75.32846715,24.67153285,152.1252826,117.3731187,100,0,0.240626213,0.232928207,1.5,0.5,1.2,5904,3.054701295,263926.1919
eg02_233a,North Atlantic Right Whale,118,5.8824,38051,6468.618251,9:01:49,10:49:38,4884,830.2733578,9:15:39,9542,11:40:51,4658,791.8536652,98.08921529,573.0654155,120.869033,92.46619446,7.533805538,147.8469831,120.9471243,100,0,0.253171642,0.24806116,1.5,0.5,1.2,5904,3.054701295,263926.1919
eg02_233a,North Atlantic Right Whale,119,5.8824,38051,6468.618251,9:01:49,10:49:38,12114,2059.363525,9:36:08,16528,13:37:17,4414,750.373997,127.3289814,527.8457772,95.36923705,88.10872027,11.89127973,154.885029,129.6432523,95.49114332,4.508856683,0.250252229,0.248756336,1.5,0.5,1.2,5904,3.054701295,263926.1919
eg02_233a,North Atlantic Right Whale,120,5.8824,38051,6468.618251,9:01:49,10:49:38,17387,2955.766354,9:51:05,21712,15:03:41,4325,735.244118,98.42921257,524.7858017,112.1991024,87.79472954,12.20527046,161.8524413,135.9096252,98.47748623,1.522513767,0.25197891,0.249504629,1.5,0.5,1.2,5904,3.054701295,263926.1919
eg02_233a,North Atlantic Right Whale,121,5.8824,38051,6468.618251,9:01:49,10:49:38,23299,3960.798314,10:07:50,27843,16:45:52,4544,772.4738202,123.5890113,545.1856385,103.869169,93.24532453,6.754675468,173.5299253,140.7242116,100,0,0.234447898,0.234597479,1.5,0.5,1.2,5904,3.054701295,263926.1919
eg02_233a,North Atlantic Right Whale,122,5.8824,38051,6468.618251,9:01:49,10:49:38,29053,4938.970488,10:24:08,33862,18:26:11,4809,817.5234598,104.8891609,612.6750986,100.129199,86.59043659,13.40956341,155.7563627,132.8069149,91.98113208,8.018867925,0.245725919,0.245595968,1.5,0.5,1.2,5904,3.054701295,263926.1919
eg02_236c,North Atlantic Right Whale,123,5.8824,72857,12385.59092,8:56:58,12:23:24,2786,473.6162111,9:04:52,7577,11:03:15,4791,814.4634843,60.17951856,677.7845777,76.66938664,81.90734558,18.09265442,133.226447,112.5755725,87.58465011,12.41534989,0.277417989,0.269083178,1.5,0.5,1.2,5904,3.054701295,263926.1919
eg02_236c,North Atlantic Right Whale,124,5.8824,72857,12385.59092,8:56:58,12:23:24,8391,1426.458588,9:20:44,13750,12:46:08,5359,911.0227118,81.25934993,744.254046,85.67931457,88.93656716,11.06343284,137.5078827,117.2485856,97.60164459,2.398355413,0.277051931,0.275019152,1.5,0.5,1.2,5904,3.054701295,263926.1919
eg02_236c,North Atlantic Right Whale,125,5.8824,72857,12385.59092,8:56:58,12:23:24,14666,2493.200054,9:38:31,19802,14:27:00,5136,873.1130151,86.86930505,670.4746362,115.9390725,89.09869574,10.90130426,132.8808517,110.9552381,95.58823529,4.411764706,0.279283062,0.277534959,1.5,0.5,1.2,5904,3.054701295,263926.1919
eg02_236c,North Atlantic Right Whale,126,5.8824,72857,12385.59092,8:56:58,12:23:24,20551,3493.642051,9:55:12,25732,16:05:50,5181,880.7629539,90.43927649,708.2143343,82.27934177,87.76534157,12.23465843,130.8653268,112.1051413,97.71963514,2.280364858,0.280884355,0.275878564,1.5,0.5,1.2,5904,3.054701295,263926.1919
eg02_236c,North Atlantic Right Whale,127,5.8824,72857,12385.59092,8:56:58,12:23:24,26528,4509.723922,10:12:08,31705,17:45:23,5177,880.0829593,83.46933225,708.5543316,88.22929417,90.69138664,9.308613364,144.30727,120.829083,96.92898273,3.071017274,0.275232693,0.270707623,1.5,0.5,1.2,5904,3.054701295,263926.1919
eg02_236c,North Atlantic Right Whale,128,5.8824,72857,12385.59092,8:56:58,12:23:24,32418,5511.015912,10:28:49,37432,19:20:50,5014,852.373181,84.82932137,680.504556,87.20930233,90.84745763,9.152542373,141.7487416,123.428473,98.32625531,1.673744691,0.269280838,0.263147163,1.5,0.5,1.2,5904,3.054701295,263926.1919
eg02_236c,North Atlantic Right Whale,129,5.8824,72857,12385.59092,8:56:58,12:23:24,38406,6528.967768,10:45:47,43694,21:05:12,5288,898.9528084,84.82932137,702.7743778,111.5191078,92.30478351,7.695216487,150.9262018,122.3523204,100,0,0.281575855,0.277379899,1.5,0.5,1.2,5904,3.054701295,263926.1919
eg02_236c,North Atlantic Right Whale,130,5.8824,72857,12385.59092,8:56:58,12:23:24,44557,7574.629403,11:03:13,49558,22:42:56,5001,850.1631987,86.86930505,674.2146063,89.24928601,90.96361455,9.036385446,144.1707291,118.9100108,99.01664145,0.983358548,0.274732069,0.273419929,1.5,0.5,1.2,5904,3.054701295,263926.1919
eg02_236c,North Atlantic Right Whale,131,5.8824,72857,12385.59092,8:56:58,12:23:24,50347,8558.921529,11:19:37,55592,0:23:30,5245,891.6428669,86.69930641,720.2842377,84.82932137,85.68433092,14.31566908,145.1434894,122.872168,98.39509087,1.604909134,0.274248456,0.270522687,1.5,0.5,1.2,5904,3.054701295,263926.1919
eg02_236c,North Atlantic Right Whale,132,5.8824,72857,12385.59092,8:56:58,12:23:24,56481,9601.693186,11:37:00,61837,2:07:35,5356,910.5127159,85.67931457,739.3240854,85.67931457,88.03434758,11.96565242,148.5942641,129.4517449,95.81512991,4.184870085,0.264425559,0.26500441,1.5,0.5,1.2,5904,3.054701295,263926.1919
eg02_236c,North Atlantic Right Whale,133,5.8824,72857,12385.59092,8:56:58,12:23:24,62822,10679.65456,11:54:58,68109,3:52:07,5287,898.7828097,85.84931321,734.5641235,78.53937169,84.62556732,15.37443268,146.7984983,124.7112824,93.21916223,6.780837769,0.270077477,0.271011788,1.5,0.5,1.2,5904,3.054701295,263926.1919
eg05_230a,North Atlantic Right Whale,134,5.8824,113950,19371.34503,9:47:57,15:10:48,45901,7803.107575,11:58:00,48588,23:17:45,2687,456.7863457,203.998368,97.23922209,155.7187542,75,25,143.6712197,81.14791575,71.15384615,28.84615385,0.279616466,0.242258428,1.5,0.5,1.2,5904,3.054701295,263926.1919
eg05_230a,North Atlantic Right Whale,135,5.8824,113950,19371.34503,9:47:57,15:10:48,50329,8555.861553,12:10:33,54307,0:53:04,3978,676.25459,126.1389909,464.0962872,86.18931049,84.74491078,15.25508922,146.2850892,120.4905213,95.82417582,4.175824176,0.294164995,0.298525145,1.5,0.5,1.2,5904,3.054701295,263926.1919
eg05_230a,North Atlantic Right Whale,136,5.8824,113950,19371.34503,9:47:57,15:10:48,55487,9432.714538,12:25:10,59426,2:18:23,3939,669.624643,80.06935945,500.9859921,88.73929009,85.76142132,14.23857868,149.0752664,129.6458959,97.93009841,2.069901595,0.319137602,0.322215098,1.5,0.5,1.2,5904,3.054701295,263926.1919
eg05_230a,North Atlantic Right Whale,137,5,113950,22790,9:47:57,16:07:47,60617,12123.4,13:10:00,64571,3:44:08,3954,790.8,89.8,616,85.2,89.07711757,10.92288243,154.8066812,133.0656506,99.28571429,0.714285714,0.332961022,0.339285426,1.5,0.5,1.2,5904,3.054701295,263926.1919
eg05_230a,North Atlantic Right Whale,138,5,113950,22790,9:47:57,16:07:47,65674,13134.8,13:26:52,69482,5:05:59,3808,761.6,84.6,590,87.2,84.19532686,15.80467314,147.1259329,126.504363,96.40677966,3.593220339,0.34434582,0.347884193,1.5,0.5,1.2,5904,3.054701295,263926.1919
eg05_230a,North Atlantic Right Whale,139,5,113950,22790,9:47:57,16:07:47,70566,14113.2,13:43:10,74610,6:31:27,4044,808.8,192.2,525,91.8,87.76266996,12.23733004,157.274103,134.6613316,100,0,0.344345004,0.344029052,1.5,0.5,1.2,5904,3.054701295,263926.1919
eg05_230a,North Atlantic Right Whale,140,5,113950,22790,9:47:57,16:07:47,75856,15171.2,14:00:48,80233,8:05:10,4377,875.4,90.8,700,84.8,89.15029694,10.84970306,156.2657696,139.8047166,99.28571429,0.714285714,0.339180739,0.342727904,1.5,0.5,1.2,5904,3.054701295,263926.1919
eg05_230a,North Atlantic Right Whale,141,5,113950,22790,9:47:57,16:07:47,81438,16287.6,14:19:25,85098,9:26:15,3660,732,99.4,530.4,102.4,86.20595466,13.79404534,162.5025937,134.7284961,99.28355958,0.716440422,0.34381802,0.347556748,1.5,0.5,1.2,5904,3.054701295,263926.1919
eg05_230a,North Atlantic Right Whale,142,5,113950,22790,9:47:57,16:07:47,86201,17240.2,14:35:17,90017,10:48:14,3816,763.2,84.4,604.2,74.8,89.02279277,10.97720723,150.7666579,131.0594466,98.37802052,1.621979477,0.34809927,0.35091587,1.5,0.5,1.2,5904,3.054701295,263926.1919
eg05_230a,North Atlantic Right Whale,143,5,113950,22790,9:47:57,16:07:47,91095,18219,14:51:36,94884,12:09:21,3789,757.8,87,596.8,74.2,84.69656992,15.30343008,144.3373417,121.732062,97.95576408,2.044235925,0.356390582,0.358536259,1.5,0.5,1.2,5904,3.054701295,263926.1919
eg05_230a,North Atlantic Right Whale,144,5,113950,22790,9:47:57,16:07:47,96086,19217.2,15:08:14,99642,13:28:39,3556,711.2,83.2,536,92.2,86.1681192,13.8318808,151.0524489,127.8513352,98.50746269,1.492537313,0.348361045,0.351827717,1.5,0.5,1.2,5904,3.054701295,263926.1919
eg05_230a,North Atlantic Right Whale,145,5,113950,22790,9:47:57,16:07:47,100785,20157,15:23:54,104615,14:51:32,3830,766,99.8,589.2,77.2,86.68754894,13.31245106,161.9564789,138.8888451,98.09911745,1.900882553,0.343224719,0.346949438,1.5,0.5,1.2,5904,3.054701295,263926.1919
eg05_230a,North Atlantic Right Whale,146,5,113950,22790,9:47:57,16:07:47,105891,21178.2,15:40:55,109620,16:14:57,3729,745.8,81.2,592.2,72.6,84.34316354,15.65683646,149.962502,119.8831948,92.6713948,7.328605201,0.347734434,0.355202956,1.5,0.5,1.2,5904,3.054701295,263926.1919
eg05_230a,North Atlantic Right Whale,147,5,113950,22790,9:47:57,16:07:47,110818,22163.6,15:57:21,114365,17:34:02,3547,709.4,89,533,87.6,88.13416009,11.86583991,162.8855447,138.7070872,100,0,0.34608809,0.351863525,1.5,0.5,1.2,5904,3.054701295,263926.1919
eg05_231b,North Atlantic Right Whale,148,5,94464,18892.8,14:55:09,20:10:02,672,134.4,14:57:23,3664,15:56:13,2992,598.4,89.8,413.2,95.6,71.86769128,28.13230872,152.6391509,130.6359149,89.25459826,10.74540174,0.380018776,0.377121049,1.5,0.5,1.2,5904,3.054701295,263926.1919
eg05_231b,North Atlantic Right Whale,149,5,94464,18892.8,14:55:09,20:10:02,4993,998.6,15:11:48,8019,17:08:48,3026,605.2,108.8,412,84.6,85.99273208,14.00726792,150.5184411,123.0521192,100,0,0.364591751,0.369025042,1.5,0.5,1.2,5904,3.054701295,263926.1919
eg05_231b,North Atlantic Right Whale,150,5,94464,18892.8,14:55:09,20:10:02,9310,1862,15:26:11,12532,18:24:01,3222,644.4,100.8,453.2,90.6,88.0856345,11.9143655,145.9499924,118.0087594,97.08737864,2.912621359,0.358812497,0.356009676,1.5,0.5,1.2,5904,3.054701295,263926.1919
eg05_231b,North Atlantic Right Whale,151,5,94464,18892.8,14:55:09,20:10:02,14866,2973.2,15:44:42,18581,20:04:50,3715,743,105.2,549,89,85.84499462,14.15500538,150.0191496,124.4609412,100,0,0.366260329,0.365795651,1.5,0.5,1.2,5904,3.054701295,263926.1919
eg05_231b,North Atlantic Right Whale,152,5,94464,18892.8,14:55:09,20:10:02,19825,3965,16:01:14,22932,21:17:21,3107,621.4,113.4,405.2,103,81.91763192,18.08236808,158.1699944,125.5746878,100,0,0.355663513,0.362306696,1.5,0.5,1.2,5904,3.054701295,263926.1919
eg05_231b,North Atlantic Right Whale,153,5,94464,18892.8,14:55:09,20:10:02,24099,4819.8,16:15:29,27442,22:32:31,3343,668.6,106.6,477.4,84.8,81.36961722,18.63038278,145.0613819,119.3210971,99.83242564,0.167574361,0.366338059,0.365241497,1.5,0.5,1.2,5904,3.054701295,263926.1919
eg05_231b,North Atlantic Right Whale,154,5,94464,18892.8,14:55:09,20:10:02,28585,5717,16:30:26,31856,23:46:05,3271,654.2,99,478.6,76.8,83.37408313,16.62591687,136.4340097,113.2449046,99.164229,0.835770999,0.349395507,0.353286358,1.5,0.5,1.2,5904,3.054701295,263926.1919
eg05_231b,North Atlantic Right Whale,155,5,94464,18892.8,14:55:09,20:10:02,33207,6641.4,16:45:50,36381,1:01:30,3174,634.8,100.4,452.8,81.8,87.65354331,12.34645669,132.5910661,107.5225704,100,0,0.370391205,0.37243837,1.5,0.5,1.2,5904,3.054701295,263926.1919
eg05_231b,North Atlantic Right Whale,156,5,94464,18892.8,14:55:09,20:10:02,37415,7483,16:59:52,40403,2:08:32,2988,597.6,89.4,410.6,97.8,90.53195049,9.468049515,136.306779,111.5144619,99.12323429,0.876765709,0.358460401,0.364468335,1.5,0.5,1.2,5904,3.054701295,263926.1919
eg05_231b,North Atlantic Right Whale,157,5,94464,18892.8,14:55:09,20:10:02,45761,9152.2,17:27:41,47973,4:14:42,2212,442.4,86,228.6,128,81.87980117,18.12019883,125.0292071,86.21928588,97.11286089,2.887139108,0.34102144,0.369907506,1.5,0.5,1.2,5904,3.054701295,263926.1919
eg05_231b,North Atlantic Right Whale,158,5,94464,18892.8,14:55:09,20:10:02,50390,10078,17:43:07,53932,5:54:01,3542,708.4,95.2,538.6,74.8,92.46401355,7.535986452,92.41141054,74.82524428,100,0,0.318785644,0.320194913,1.5,0.5,1.2,5904,3.054701295,263926.1919
eg05_231b,North Atlantic Right Whale,159,5,94464,18892.8,14:55:09,20:10:02,55211,11042.2,17:59:11,58898,7:16:47,3687,737.4,71.8,609,56.8,90.7537961,9.246203905,77.38764104,69.75081148,98.22660099,1.773399015,0.337497143,0.33737605,1.5,0.5,1.2,5904,3.054701295,263926.1919
eg05_231b,North Atlantic Right Whale,160,5,94464,18892.8,14:55:09,20:10:02,59795,11959,18:14:28,63011,8:25:20,3216,643.2,78.4,496.8,68.2,89.58657134,10.41342866,90.26077859,69.25681418,99.15458937,0.845410628,0.318935413,0.310319422,1.5,0.5,1.2,5904,3.054701295,263926.1919
eg05_231b,North Atlantic Right Whale,161,5,94464,18892.8,14:55:09,20:10:02,63889,12777.8,18:28:07,66896,9:30:05,3007,601.4,82.4,469.4,49.8,89.0625,10.9375,81.06449105,62.858513,94.8870899,5.112910098,0.346950746,0.35375973,1.5,0.5,1.2,5904,3.054701295,263926.1919
eg05_231b,North Atlantic Right Whale,162,5,94464,18892.8,14:55:09,20:10:02,67847,13569.4,18:41:18,71032,10:39:01,3185,637,77,510.6,49.6,88.01004394,11.98995606,61.77825806,53.569558,100,0,0.341059301,0.338370952,1.5,0.5,1.2,5904,3.054701295,263926.1919
eg05_231b,North Atlantic Right Whale,163,5,94464,18892.8,14:55:09,20:10:02,71624,14324.8,18:53:54,73976,11:28:05,2352,470.4,54,358.4,58.2,87.29281768,12.70718232,63.86920782,50.98690542,99.10714286,0.892857143,0.348733379,0.348849184,1.5,0.5,1.2,5904,3.054701295,263926.1919
eg05_231b,North Atlantic Right Whale,164,5,94464,18892.8,14:55:09,20:10:02,74549,14909.8,19:03:39,76821,12:15:30,2272,454.4,56.8,353.6,44.2,86.53761549,13.46238451,61.41628022,51.08434773,96.04072398,3.959276018,0.352348817,0.354785043,1.5,0.5,1.2,5904,3.054701295,263926.1919
eg05_231b,North Atlantic Right Whale,165,5,94464,18892.8,14:55:09,20:10:02,77444,15488.8,19:13:18,79849,13:05:58,2405,481,58.6,376,46.6,94.47215295,5.527847049,59.01915691,49.01416679,100,0,0.347264454,0.352108679,1.5,0.5,1.2,5904,3.054701295,263926.1919
eg05_231b,North Atlantic Right Whale,166,5,94464,18892.8,14:55:09,20:10:02,80491,16098.2,19:23:27,82715,13:53:44,2224,444.8,46.6,320.6,77.8,87.19101124,12.80898876,58.54130867,45.7962426,96.069869,3.930131004,0.336161762,0.336707828,1.5,0.5,1.2,5904,3.054701295,263926.1919
eg05_231b,North Atlantic Right Whale,167,5,94464,18892.8,14:55:09,20:10:02,83419,16683.8,19:33:13,85784,14:44:53,2365,473,67.2,346,60,93.40659341,6.593406593,59.10969191,47.55343688,100,0,0.327749001,0.331245184,1.5,0.5,1.2,5904,3.054701295,263926.1919
eg05_235a,North Atlantic Right Whale,168,5,14430,2886,15:34:37,16:22:43,1880,376,15:40:53,5771,17:10:48,3891,778.2,103.6,564.2,110.6,88.82322713,11.17677287,150.5302119,125.5791475,98.12123361,1.878766395,0.291887045,0.290111628,1.5,0.5,1.2,5904,3.054701295,263926.1919
eg05_235a,North Atlantic Right Whale,169,5,14430,2886,15:34:37,16:22:43,7916,1583.2,16:01:00,11689,18:49:26,3773,754.6,117.2,490.6,147,72.54901961,27.45098039,184.5040921,135.8118586,81.85894823,18.14105177,0.251974592,0.250880174,1.5,0.5,1.2,5904,3.054701295,263926.1919
eg06_024e,North Atlantic Right Whale,170,5,14941,2988.2,16:13:34,17:03:22,4336,867.2,16:28:01,6018,17:53:52,1682,336.4,23.4,268.2,45,77.59952466,22.40047534,15.25339583,13.9002114,79.19463087,20.80536913,0.149273719,0.144579222,1.5,0.5,1.2,5904,3.054701295,263926.1919
eg06_024e,North Atlantic Right Whale,171,5,14941,2988.2,16:13:34,17:03:22,6299,1259.8,16:34:34,8496,18:35:10,2197,439.4,25,352,62.6,53.23020928,46.76979072,14.8485499,13.72507609,54.26136364,45.73863636,0.164005966,0.161758258,1.5,0.5,1.2,5904,3.054701295,263926.1919
eg06_024e,North Atlantic Right Whale,172,5,14941,2988.2,16:13:34,17:03:22,9688,1937.6,16:45:52,10304,19:05:18,616,123.2,37.6,41.6,44.2,60.45380875,39.54619125,14.79551752,12.48699571,52.88461538,47.11538462,0.162985707,0.192307692,1.5,0.5,1.2,5904,3.054701295,263926.1919
eg06_028a,North Atlantic Right Whale,173,5,335250,67050,14:42:56,9:20:26,6767,1353.4,15:05:29,8175,16:59:11,1408,281.6,45.2,229.2,7.4,74.09510291,25.90489709,7.884906385,6.425842384,73.21116928,26.78883072,0.2973124,0.297303323,1.5,0.5,1.2,5904,3.054701295,263926.1919
eg06_028a,North Atlantic Right Whale,174,5,335250,67050,14:42:56,9:20:26,9435,1887,15:14:23,11357,17:52:13,1922,384.4,77,262.4,45.2,78.21112845,21.78887155,11.9891753,9.789217165,78.7347561,21.2652439,0.279691614,0.288489747,1.5,0.5,1.2,5904,3.054701295,263926.1919
eg06_028a,North Atlantic Right Whale,175,5,335250,67050,14:42:56,9:20:26,12465,2493,15:24:29,13783,18:32:39,1318,263.6,79.2,107.4,77.2,72.93404094,27.06595906,11.15276026,8.753491947,64.24581006,35.75418994,0.281555716,0.290521403,1.5,0.5,1.2,5904,3.054701295,263926.1919
eg06_028a,North Atlantic Right Whale,176,5,335250,67050,14:42:56,9:20:26,47384,9476.8,17:20:53,48774,4:15:50,1390,278,36,205.4,36.8,59.52552121,40.47447879,14.79459856,11.48072613,65.14118793,34.85881207,0.275435981,0.285232087,1.5,0.5,1.2,5904,3.054701295,263926.1919
eg06_028a,North Atlantic Right Whale,177,5,335250,67050,14:42:56,9:20:26,50835,10167,17:32:23,52178,5:12:34,1343,268.6,36.8,171.8,60.2,67.70833333,32.29166667,13.33870119,10.89245277,74.03958091,25.96041909,0.254702139,0.264299572,1.5,0.5,1.2,5904,3.054701295,263926.1919
eg06_028a,North Atlantic Right Whale,178,5,335250,67050,14:42:56,9:20:26,53872,10774.4,17:42:30,55369,6:05:45,1497,299.4,17.6,265.6,16.4,53.53805073,46.46194927,8.340577759,6.676700958,58.13253012,41.86746988,0.268449109,0.271001999,1.5,0.5,1.2,5904,3.054701295,263926.1919
eg06_028a,North Atlantic Right Whale,179,5,335250,67050,14:42:56,9:20:26,56585,11317,17:51:33,57861,6:47:17,1276,255.2,56.8,120.8,77.8,57.40015662,42.59984338,13.08222163,9.977494416,64.73509934,35.26490066,0.286885381,0.289971173,1.5,0.5,1.2,5904,3.054701295,263926.1919
eg06_028a,North Atlantic Right Whale,180,5,335250,67050,14:42:56,9:20:26,60048,12009.6,18:03:06,61296,7:44:32,1248,249.6,66.8,134.8,48.2,76.22097678,23.77902322,12.04683851,9.048265596,90.50445104,9.495548961,0.253864713,0.253128124,1.5,0.5,1.2,5904,3.054701295,263926.1919
eg06_028a,North Atlantic Right Whale,181,5,335250,67050,14:42:56,9:20:26,63197,12639.4,18:13:35,64516,8:38:12,1319,263.8,127.2,82.2,54.6,69.01515152,30.98484848,15.76619742,10.84730282,99.513382,0.486618005,0.289129636,0.296125901,1.5,0.5,1.2,5904,3.054701295,263926.1919
eg06_028a,North Atlantic Right Whale,182,5,335250,67050,14:42:56,9:20:26,65539,13107.8,18:21:24,67696,9:31:12,2157,431.4,139.8,220.8,71,58.75810936,41.24189064,15.55291204,11.01317031,71.37681159,28.62318841,0.265508984,0.278119336,1.5,0.5,1.2,5904,3.054701295,263926.1919
eg06_028a,North Atlantic Right Whale,183,5,335250,67050,14:42:56,9:20:26,71692,14338.4,18:41:54,72992,10:59:28,1300,260,60,78.6,121.6,49.65411222,50.34588778,19.1702147,15.06034472,53.18066158,46.81933842,0.233259768,0.215323436,1.5,0.5,1.2,5904,3.054701295,263926.1919
eg06_028a,North Atlantic Right Whale,184,5,335250,67050,14:42:56,9:20:26,73914,14782.8,18:49:19,76175,11:52:31,2261,452.2,89.8,346.2,16.4,68.61184792,31.38815208,12.85345668,8.469676841,66.37781629,33.62218371,0.256090467,0.264689846,1.5,0.5,1.2,5904,3.054701295,263926.1919
eg06_028a,North Atlantic Right Whale,185,5,335250,67050,14:42:56,9:20:26,77718,15543.6,19:02:00,80251,13:00:27,2533,506.6,57.4,399.8,49.6,77.3875296,22.6124704,11.14339766,9.120052672,72.53626813,27.46373187,0.254331594,0.263783671,1.5,0.5,1.2,5904,3.054701295,263926.1919
eg06_028a,North Atlantic Right Whale,186,5,335250,67050,14:42:56,9:20:26,88671,17734.2,19:38:30,90816,15:56:32,2145,429,49,340,40.2,72.60018639,27.39981361,12.80588079,9.639706862,77.76470588,22.23529412,0.209143045,0.2141423,1.5,0.5,1.2,5904,3.054701295,263926.1919
eg06_028a,North Atlantic Right Whale,187,5,335250,67050,14:42:56,9:20:26,92137,18427.4,19:50:03,94282,16:54:18,2145,429,64,290.6,74.6,80.66169618,19.33830382,12.67423254,11.06722337,85.82243634,14.17756366,0.238995797,0.241781195,1.5,0.5,1.2,5904,3.054701295,263926.1919
eg06_028a,North Atlantic Right Whale,188,5,335250,67050,14:42:56,9:20:26,95484,19096.8,20:01:13,97800,17:52:56,2316,463.2,42.2,327.2,94,66.89684937,33.10315063,15.10727252,13.08405868,76.65036675,23.34963325,0.236028459,0.238688704,1.5,0.5,1.2,5904,3.054701295,263926.1919
eg06_028a,North Atlantic Right Whale,189,5,335250,67050,14:42:56,9:20:26,99037,19807.4,20:13:03,100747,18:42:03,1710,342,48.2,153.2,140.8,65.63413209,34.36586791,14.88158993,11.9742207,75.84856397,24.15143603,0.230707325,0.230991703,1.5,0.5,1.2,5904,3.054701295,263926.1919
eg06_028a,North Atlantic Right Whale,190,5,335250,67050,14:42:56,9:20:26,102267,20453.4,20:23:49,103780,19:32:36,1513,302.6,43.2,184.2,75.4,63.34214003,36.65785997,11.28975166,9.697489284,74.80998914,25.19001086,0.229094371,0.24365858,1.5,0.5,1.2,5904,3.054701295,263926.1919
eg06_028a,North Atlantic Right Whale,191,5,335250,67050,14:42:56,9:20:26,105872,21174.4,20:35:50,107360,20:32:16,1488,297.6,55,134,108.8,44.4593687,55.5406313,13.21385346,10.89344858,63.28358209,36.71641791,0.246666703,0.244739617,1.5,0.5,1.2,5904,3.054701295,263926.1919
eg06_028a,North Atlantic Right Whale,192,5,335250,67050,14:42:56,9:20:26,108791,21758.2,20:45:34,111180,21:35:56,2389,477.8,37.4,366.6,74,59.37238494,40.62761506,13.00659039,11.1761139,66.23022368,33.76977632,0.227698668,0.22982229,1.5,0.5,1.2,5904,3.054701295,263926.1919
eg06_028a,North Atlantic Right Whale,193,5,335250,67050,14:42:56,9:20:26,112451,22490.2,20:57:46,114757,22:35:33,2306,461.2,70.6,267,123.8,78.97702644,21.02297356,10.92623911,9.123788759,79.7752809,20.2247191,0.233968816,0.238940286,1.5,0.5,1.2,5904,3.054701295,263926.1919
eg06_028a,North Atlantic Right Whale,194,5,335250,67050,14:42:56,9:20:26,116189,23237.8,21:10:14,118817,23:43:13,2628,525.6,74.6,369.6,81.6,73.48801826,26.51198174,12.55602866,9.555217495,81.6017316,18.3982684,0.231212101,0.231244745,1.5,0.5,1.2,5904,3.054701295,263926.1919
eg06_028a,North Atlantic Right Whale,195,5,335250,67050,14:42:56,9:20:26,119963,23992.6,21:22:49,122602,0:46:18,2639,527.8,47.6,461.6,18.8,74.0530303,25.9469697,16.05372823,12.6452499,70.32062392,29.67937608,0.222262292,0.230595719,1.5,0.5,1.2,5904,3.054701295,263926.1919
eg06_028a,North Atlantic Right Whale,196,5,335250,67050,14:42:56,9:20:26,124155,24831,21:36:47,126971,1:59:07,2816,563.2,71.8,434.8,56.8,59.92190273,40.07809727,14.42836533,12.27017403,62.18951242,37.81048758,0.237925819,0.244646507,1.5,0.5,1.2,5904,3.054701295,263926.1919
eg06_028a,North Atlantic Right Whale,197,5,335250,67050,14:42:56,9:20:26,128560,25712,21:51:28,130658,3:00:34,2098,419.6,83.6,248.6,87.6,56.69366365,43.30633635,14.67733324,12.59496064,61.22284795,38.77715205,0.229509164,0.231877734,1.5,0.5,1.2,5904,3.054701295,263926.1919
eg06_028a,North Atlantic Right Whale,198,5,335250,67050,14:42:56,9:20:26,132214,26442.8,22:03:39,134336,4:01:52,2122,424.4,77.8,200.4,146.4,60.52755535,39.47244465,12.83758914,10.41457785,70.35928144,29.64071856,0.211129425,0.208802976,1.5,0.5,1.2,5904,3.054701295,263926.1919
eg06_028a,North Atlantic Right Whale,199,5,335250,67050,14:42:56,9:20:26,135301,27060.2,22:13:56,137654,4:57:10,2353,470.6,71.6,339,60.2,52.03908241,47.96091759,13.02452832,10.63834521,55.33923304,44.66076696,0.236190783,0.24281107,1.5,0.5,1.2,5904,3.054701295,263926.1919
eg06_028a,North Atlantic Right Whale,200,5,335250,67050,14:42:56,9:20:26,139189,27837.8,22:26:54,141728,6:05:04,2539,507.8,61.2,327.4,119.4,65.59055118,34.40944882,12.51545685,10.99723,73.79352474,26.20647526,0.229944883,0.237325441,1.5,0.5,1.2,5904,3.054701295,263926.1919
eg06_028a,North Atlantic Right Whale,201,5,335250,67050,14:42:56,9:20:26,146782,29356.4,22:52:12,148500,7:57:56,1718,343.6,72.8,246.8,24.2,40.37230948,59.62769052,9.201061565,7.879255937,42.46353323,57.53646677,0.252986855,0.256734823,1.5,0.5,1.2,5904,3.054701295,263926.1919
eg06_028a,North Atlantic Right Whale,202,5,335250,67050,14:42:56,9:20:26,153631,30726.2,23:15:02,156660,10:13:56,3029,605.8,68,324,214,59.5379538,40.4620462,15.29689648,12.31315765,69.07407407,30.92592593,0.235968056,0.239867392,1.5,0.5,1.2,5904,3.054701295,263926.1919
eg06_028a,North Atlantic Right Whale,203,5,335250,67050,14:42:56,9:20:26,162344,32468.8,23:44:05,165260,12:37:16,2916,583.2,65.8,435.4,82.2,62.18717861,37.81282139,16.01859776,13.27095463,66.65135508,33.34864492,0.220115663,0.219026745,1.5,0.5,1.2,5904,3.054701295,263926.1919
eg06_028a,North Atlantic Right Whale,204,5,335250,67050,14:42:56,9:20:26,170863,34172.6,0:12:29,172205,14:33:01,1342,268.4,35.8,206.4,26.4,52.12211467,47.87788533,8.506909916,6.873203083,57.65503876,42.34496124,0.262598307,0.266476974,1.5,0.5,1.2,5904,3.054701295,263926.1919
eg06_028a,North Atlantic Right Whale,205,5,335250,67050,14:42:56,9:20:26,173939,34787.8,0:22:44,176548,15:45:24,2609,521.8,57.6,420.6,43.8,64.32950192,35.67049808,20.59422839,16.1868551,60.53257252,39.46742748,0.19974789,0.206251439,1.5,0.5,1.2,5904,3.054701295,263926.1919
eg06_028a,North Atlantic Right Whale,206,5,335250,67050,14:42:56,9:20:26,178469,35693.8,0:37:50,181119,17:01:35,2650,530,65.4,297.4,167.4,45.64315353,54.35684647,19.30050479,16.51976927,63.28177539,36.71822461,0.23518398,0.23484743,1.5,0.5,1.2,5904,3.054701295,263926.1919
eg06_028a,North Atlantic Right Whale,207,5,335250,67050,14:42:56,9:20:26,182478,36495.6,0:51:12,184966,18:05:42,2488,497.6,73,384.4,40.4,54.68059462,45.31940538,21.39857593,15.71056179,55.8792924,44.1207076,0.203654146,0.207507891,1.5,0.5,1.2,5904,3.054701295,263926.1919
eg06_028a,North Atlantic Right Whale,208,5,335250,67050,14:42:56,9:20:26,188407,37681.4,1:10:57,189300,19:17:56,893,178.6,61,45.6,72.2,49.44071588,50.55928412,18.65284508,14.84721872,71.05263158,28.94736842,0.22919263,0.21567718,1.5,0.5,1.2,5904,3.054701295,263926.1919
eg06_028a,North Atlantic Right Whale,209,5,335250,67050,14:42:56,9:20:26,192065,38413,1:23:09,194736,20:48:32,2671,534.2,64.8,313.8,155.8,56.13772455,43.86227545,17.0669821,14.04344498,61.4404079,38.5595921,0.221135964,0.220937959,1.5,0.5,1.2,5904,3.054701295,263926.1919
eg06_028a,North Atlantic Right Whale,210,5,335250,67050,14:42:56,9:20:26,196643,39328.6,1:38:25,198731,21:55:07,2088,417.6,63.6,306.4,47.8,50.74198181,49.25801819,11.75749958,10.14607946,61.4229765,38.5770235,0.234441887,0.23120071,1.5,0.5,1.2,5904,3.054701295,263926.1919
eg06_028a,North Atlantic Right Whale,211,5,335250,67050,14:42:56,9:20:26,204365,40873,2:04:09,207273,0:17:29,2908,581.6,66.6,450.8,64.4,52.11412857,47.88587143,18.82589868,12.67591961,58.60692103,41.39307897,0.233527517,0.229535666,1.5,0.5,1.2,5904,3.054701295,263926.1919
eg06_028a,North Atlantic Right Whale,212,5,335250,67050,14:42:56,9:20:26,209013,41802.6,2:19:39,210498,1:11:14,1485,297,23.8,269.2,4.2,71.46702557,28.53297443,6.628450115,5.935081592,73.32838039,26.67161961,0.241459794,0.24229621,1.5,0.5,1.2,5904,3.054701295,263926.1919
eg06_028a,North Atlantic Right Whale,213,5,335250,67050,14:42:56,9:20:26,212280,42456,2:30:32,214916,2:24:52,2636,527.2,72,287.4,168,49.03299204,50.96700796,19.86700037,15.39363287,55.6019485,44.3980515,0.21738296,0.225472192,1.5,0.5,1.2,5904,3.054701295,263926.1919
eg06_028a,North Atlantic Right Whale,214,5,335250,67050,14:42:56,9:20:26,215983,43196.6,2:42:53,218148,3:18:44,2165,433,47.2,340.6,45.4,56.6943675,43.3056325,16.53723385,11.1725361,64.1221374,35.8778626,0.200919825,0.202412312,1.5,0.5,1.2,5904,3.054701295,263926.1919
eg06_028a,North Atlantic Right Whale,215,5,335250,67050,14:42:56,9:20:26,219613,43922.6,2:54:59,222154,4:25:30,2541,508.2,83.8,408,16.6,56.17623918,43.82376082,17.46863427,12.83685659,57.59803922,42.40196078,0.221141437,0.228259934,1.5,0.5,1.2,5904,3.054701295,263926.1919
eg06_028a,North Atlantic Right Whale,216,5,335250,67050,14:42:56,9:20:26,223242,44648.4,3:07:04,225686,5:24:22,2444,488.8,49.2,365,74.8,66.70756646,33.29243354,14.057589,10.83598823,69.26027397,30.73972603,0.218714971,0.227143319,1.5,0.5,1.2,5904,3.054701295,263926.1919
eg06_028a,North Atlantic Right Whale,217,5,335250,67050,14:42:56,9:20:26,227400,45480,3:20:56,230077,6:37:33,2677,535.4,43,410.4,82.2,49.8879761,50.1120239,13.38531452,11.09116167,58.04093567,41.95906433,0.217796197,0.218013602,1.5,0.5,1.2,5904,3.054701295,263926.1919
eg06_028a,North Atlantic Right Whale,218,5,335250,67050,14:42:56,9:20:26,231549,46309.8,3:34:46,233638,7:36:54,2089,417.8,42,353.4,22.6,61.53110048,38.46889952,8.474276742,7.227304976,59.13978495,40.86021505,0.24335963,0.245070027,1.5,0.5,1.2,5904,3.054701295,263926.1919
eg06_028a,North Atlantic Right Whale,219,5,335250,67050,14:42:56,9:20:26,235225,47045,3:47:01,237080,8:34:16,1855,371,68.4,259.4,43.4,61.4762931,38.5237069,15.78813463,10.89531476,73.70855821,26.29144179,0.214270276,0.224475848,1.5,0.5,1.2,5904,3.054701295,263926.1919
eg06_028a,North Atlantic Right Whale,220,5,335250,67050,14:42:56,9:20:26,238470,47694,3:57:50,241227,9:43:23,2757,551.4,69.6,459.6,22.4,54.74981871,45.25018129,14.21685253,11.28526533,51.21845083,48.78154917,0.19479699,0.194396371,1.5,0.5,1.2,5904,3.054701295,263926.1919
eg06_028a,North Atlantic Right Whale,221,5,335250,67050,14:42:56,9:20:26,247769,49553.8,4:28:50,250094,12:11:10,2325,465,64,300.6,100.6,63.54256234,36.45743766,13.34167278,10.57497383,68.19693945,31.80306055,0.216769593,0.22701134,1.5,0.5,1.2,5904,3.054701295,263926.1919
eg06_028a,North Atlantic Right Whale,222,5,335250,67050,14:42:56,9:20:26,252111,50422.2,4:43:18,254434,13:23:30,2323,464.6,53,306.4,105.4,50.4302926,49.5697074,14.99208371,11.14964901,59.1383812,40.8616188,0.208410387,0.202063688,1.5,0.5,1.2,5904,3.054701295,263926.1919
eg06_028a,North Atlantic Right Whale,223,5,335250,67050,14:42:56,9:20:26,256249,51249.8,4:57:06,258727,14:35:03,2478,495.6,51.4,392.4,52,57.11980637,42.88019363,14.56399566,12.16561274,52.85423038,47.14576962,0.20628472,0.209115698,1.5,0.5,1.2,5904,3.054701295,263926.1919
eg06_028a,North Atlantic Right Whale,224,5,335250,67050,14:42:56,9:20:26,263421,52684.2,5:21:00,264883,16:17:39,1462,292.4,50.2,147.6,94.8,58.85167464,41.14832536,14.90348349,12.2488678,76.69376694,23.30623306,0.214079729,0.224259971,1.5,0.5,1.2,5904,3.054701295,263926.1919
eg06_028a,North Atlantic Right Whale,225,5,335250,67050,14:42:56,9:20:26,267819,53563.8,5:35:40,270873,17:57:29,3054,610.8,65.8,509.8,35.4,59.14893617,40.85106383,14.40697094,11.21310133,62.9266379,37.0733621,0.225284304,0.230825901,1.5,0.5,1.2,5904,3.054701295,263926.1919
eg06_028a,North Atlantic Right Whale,226,5,335250,67050,14:42:56,9:20:26,276201,55240.2,6:03:36,278754,20:08:50,2553,510.6,67.6,364.8,78.4,54.81597494,45.18402506,14.11638056,10.72698414,55.92105263,44.07894737,0.216776667,0.223874885,1.5,0.5,1.2,5904,3.054701295,263926.1919
eg06_028a,North Atlantic Right Whale,227,5,335250,67050,14:42:56,9:20:26,280199,56039.8,6:16:56,281658,20:57:14,1459,291.8,55.6,150.8,85.6,41.16438356,58.83561644,13.76796414,11.6251652,23.60742706,76.39257294,0.254825084,0.23433584,1.5,0.5,1.2,5904,3.054701295,263926.1919
eg06_028a,North Atlantic Right Whale,228,5,335250,67050,14:42:56,9:20:26,284262,56852.4,6:30:28,286663,22:20:39,2401,480.2,61.6,408,10.8,57.32722731,42.67277269,16.31342604,13.1592456,59.55882353,40.44117647,0.223037408,0.223457533,1.5,0.5,1.2,5904,3.054701295,263926.1919
eg06_028a,North Atlantic Right Whale,229,5,335250,67050,14:42:56,9:20:26,290903,58180.6,6:52:37,293085,0:07:41,2182,436.4,71.6,302.4,62.6,73.4768667,26.5231333,16.32577049,14.3088911,82.14285714,17.85714286,0.199831518,0.207344641,1.5,0.5,1.2,5904,3.054701295,263926.1919
eg06_028a,North Atlantic Right Whale,230,5,335250,67050,14:42:56,9:20:26,294675,58935,7:05:11,295737,0:51:53,1062,212.4,40.6,142.6,29.4,58.32549389,41.67450611,12.53675808,9.839043957,54.83870968,45.16129032,0.183359535,0.199371331,1.5,0.5,1.2,5904,3.054701295,263926.1919
eg06_028a,North Atlantic Right Whale,231,5,335250,67050,14:42:56,9:20:26,298449,59689.8,7:17:46,299378,1:52:34,929,185.8,52.2,70,63.8,51.82795699,48.17204301,15.26488433,12.63123531,52,48,0.221744277,0.21971972,1.5,0.5,1.2,5904,3.054701295,263926.1919
eg06_028a,North Atlantic Right Whale,232,5,335250,67050,14:42:56,9:20:26,302456,60491.2,7:31:07,304309,3:14:45,1853,370.6,58.8,280.2,31.8,69.57928803,30.42071197,16.06427286,14.40539186,76.58815132,23.41184868,0.21681175,0.224053641,1.5,0.5,1.2,5904,3.054701295,263926.1919
eg06_028a,North Atlantic Right Whale,233,5,335250,67050,14:42:56,9:20:26,307826,61565.2,7:49:01,309909,4:48:05,2083,416.6,46.8,348,22,70.2975048,29.7024952,17.07630172,14.75681262,77.35632184,22.64367816,0.221539342,0.221852677,1.5,0.5,1.2,5904,3.054701295,263926.1919
eg06_028a,North Atlantic Right Whale,235,5,335250,67050,14:42:56,9:20:26,312913,62582.6,8:05:59,315152,6:15:28,2239,447.8,46.6,218,183.4,47.00892857,52.99107143,17.71040932,12.60318409,43.94495413,56.05504587,0.223848483,0.252607533,1.5,0.5,1.2,5904,3.054701295,263926.1919
eg06_028a,North Atlantic Right Whale,236,5,335250,67050,14:42:56,9:20:26,316396,63279.2,8:17:35,317656,6:57:12,1260,252,29.4,205.2,17.6,49.00872324,50.99127676,8.098155524,6.572087264,60.23391813,39.76608187,0.250661777,0.250661777,1.5,0.5,1.2,5904,3.054701295,263926.1919
eg06_028a,North Atlantic Right Whale,237,5,335250,67050,14:42:56,9:20:26,319668,63933.6,8:28:30,321804,8:06:20,2136,427.2,127.4,253.4,46.6,65.13804399,34.86195601,18.19991469,13.76830014,71.74427782,28.25572218,0.211110294,0.22544324,1.5,0.5,1.2,5904,3.054701295,263926.1919
eg06_028a,North Atlantic Right Whale,238,5,335250,67050,14:42:56,9:20:26,331151,66230.2,9:06:46,331956,10:55:32,805,161,35,92.8,33.4,83.37468983,16.62531017,12.5625983,10.77952944,84.69827586,15.30172414,0.241041759,0.265037594,1.5,0.5,1.2,5904,3.054701295,263926.1919
eg14_040a,North Atlantic Right Whale,239,5,27338,5467.6,17:25:33,18:56:41,1492,298.4,17:30:31,4276,18:36:49,2784,556.8,47.6,413.8,95.6,54.54219031,45.45780969,14.21790958,12.37323303,52.24746254,47.75253746,0.182682688,0.178292035,1.5,0.5,1.2,5904,3.054701295,263926.1919
eg14_040a,North Atlantic Right Whale,240,5,27338,5467.6,17:25:33,18:56:41,5846,1169.2,17:45:02,7228,19:26:01,1382,276.4,59.4,145.2,72,83.8033261,16.1966739,13.58620543,10.94579504,81.81818182,18.18181818,0.188983614,0.185801837,1.5,0.5,1.2,5904,3.054701295,263926.1919
eg14_040a,North Atlantic Right Whale,241,5,27338,5467.6,17:25:33,18:56:41,9452,1890.4,17:57:03,10522,20:20:55,1070,214,28.4,130.4,55.4,65.73295985,34.26704015,11.82055263,10.16659877,67.48466258,32.51533742,0.164796027,0.150937951,1.5,0.5,1.2,5904,3.054701295,263926.1919
eg14_040a,North Atlantic Right Whale,242,5,27338,5467.6,17:25:33,18:56:41,11656,2331.2,18:04:24,12824,20:59:17,1168,233.6,54.4,145,34.4,82.72027374,17.27972626,12.71336021,10.51840889,79.03448276,20.96551724,0.168553636,0.182098083,1.5,0.5,1.2,5904,3.054701295,263926.1919
eg14_040a,North Atlantic Right Whale,243,5,27338,5467.6,17:25:33,18:56:41,13031,2606.2,18:08:59,14979,21:35:12,1948,389.6,65.4,280.2,44.2,58.64545921,41.35454079,12.5450475,9.936293601,55.81727338,44.18272662,0.173858787,0.178924,1.5,0.5,1.2,5904,3.054701295,263926.1919
eg14_040a,North Atlantic Right Whale,244,5,27338,5467.6,17:25:33,18:56:41,15890,3178,18:18:31,16810,22:05:43,920,184,51,68.4,64.8,67.64386536,32.35613464,14.83944395,11.6513443,85.38011696,14.61988304,0.186036145,0.215626785,1.5,0.5,1.2,5904,3.054701295,263926.1919
eg14_040a,North Atlantic Right Whale,245,5,27338,5467.6,17:25:33,18:56:41,18146,3629.2,18:26:02,19962,22:58:15,1816,363.2,59.2,244.8,59.4,47.49587232,52.50412768,15.04056667,10.63198225,44.60784314,55.39215686,0.195185917,0.200690121,1.5,0.5,1.2,5904,3.054701295,263926.1919
eg14_040a,North Atlantic Right Whale,246,5,27338,5467.6,17:25:33,18:56:41,22882,4576.4,18:41:49,24136,0:07:49,1254,250.8,44.4,101.4,105.2,43.02788845,56.97211155,15.24233814,12.49261962,11.24260355,88.75739645,0.168277597,0.178571429,1.5,0.5,1.2,5904,3.054701295,263926.1919
eg14_041a,North Atlantic Right Whale,247,5,101950,20390,14:45:00,20:24:50,6899,1379.8,15:08:00,8089,16:59:49,1190,238,40.2,171,27,65.40722082,34.59277918,10.37459656,9.3225059,61.16959064,38.83040936,0.165483741,0.175240433,1.5,0.5,1.2,5904,3.054701295,263926.1919
eg14_041a,North Atlantic Right Whale,248,5,101950,20390,14:45:00,20:24:50,8760,1752,15:14:12,9529,17:23:49,769,153.8,30.8,79.4,43.8,78.57142857,21.42857143,11.34492806,9.735722075,99.74811083,0.251889169,0.211596788,0.196548909,1.5,0.5,1.2,5904,3.054701295,263926.1919
eg14_041a,North Atlantic Right Whale,249,5,101950,20390,14:45:00,20:24:50,10285,2057,15:19:17,11414,17:55:14,1129,225.8,57.2,136,32.8,75.13274336,24.86725664,10.90332572,9.757587461,70.73529412,29.26470588,0.196937778,0.208179362,1.5,0.5,1.2,5904,3.054701295,263926.1919
eg14_041a,North Atlantic Right Whale,250,5,101950,20390,14:45:00,20:24:50,23102,4620.4,16:02:00,24000,21:25:00,898,179.6,50.2,108,21.6,88.20912125,11.79087875,8.979275945,8.037826687,85.55555556,14.44444444,0.142035933,0.137089283,1.5,0.5,1.2,5904,3.054701295,263926.1919
eg14_041a,North Atlantic Right Whale,251,5,101950,20390,14:45:00,20:24:50,24276,4855.2,16:05:55,25381,21:48:01,1105,221,29.4,175,16.8,85.35262206,14.64737794,8.842666716,7.86219024,81.48571429,18.51428571,0.180313034,0.182585237,1.5,0.5,1.2,5904,3.054701295,263926.1919
eg14_041a,North Atlantic Right Whale,252,5,101950,20390,14:45:00,20:24:50,28536,5707.2,16:20:07,29930,23:03:50,1394,278.8,35,230.4,13.6,80.14336918,19.85663082,9.252849786,7.677827627,82.03125,17.96875,0.190276769,0.184766992,1.5,0.5,1.2,5904,3.054701295,263926.1919
eg14_041a,North Atlantic Right Whale,253,5,101950,20390,14:45:00,20:24:50,30075,6015,16:25:15,30453,23:12:33,378,75.6,29.8,23.6,22.4,84.43271768,15.56728232,9.383244364,8.35523643,100,0,0.163842711,0.153846154,1.5,0.5,1.2,5904,3.054701295,263926.1919
eg14_047a,North Atlantic Right Whale,254,5,66180,13236,16:42:10,20:22:46,12837,2567.4,17:24:57,15903,21:07:13,3066,613.2,40.8,531,41.6,73.98108901,26.01891099,14.68861069,12.35195196,72.88135593,27.11864407,0.206693851,0.20721575,1.5,0.5,1.2,5904,3.054701295,263926.1919
eg14_047a,North Atlantic Right Whale,255,5,66180,13236,16:42:10,20:22:46,16384,3276.8,17:36:47,18919,21:57:29,2535,507,81.2,308.6,117.4,69.16403785,30.83596215,18.22166455,14.75153473,64.87362281,35.12637719,0.237069399,0.198622697,1.5,0.5,1.2,5904,3.054701295,263926.1919
eg14_047a,North Atlantic Right Whale,256,5,66180,13236,16:42:10,20:22:46,19459,3891.8,17:47:02,22403,22:55:33,2944,588.8,85,366.8,137.2,72.63157895,27.36842105,26.73284467,18.41814644,69.84732824,30.15267176,0.287275893,0.294574979,1.5,0.5,1.2,5904,3.054701295,263926.1919
eg14_047a,North Atlantic Right Whale,257,5,66180,13236,16:42:10,20:22:46,23392,4678.4,18:00:08,25955,23:54:45,2563,512.6,115.8,344,53,75.35101404,24.64898596,27.87940446,20.1858147,80.11627907,19.88372093,0.245775932,0.241089722,1.5,0.5,1.2,5904,3.054701295,263926.1919
eg14_047a,North Atlantic Right Whale,258,5,66180,13236,16:42:10,20:22:46,26551,5310.2,18:10:40,28928,0:44:18,2377,475.4,53.2,320.8,101.6,39.02439024,60.97560976,25.16641259,18.62451483,31.79551122,68.20448878,0.315798886,0.345783783,1.5,0.5,1.2,5904,3.054701295,263926.1919
eg14_047a,North Atlantic Right Whale,259,5,66180,13236,16:42:10,20:22:46,30334,6066.8,18:23:17,32378,1:41:48,2044,408.8,64.6,226.2,118.2,76.52811736,23.47188264,28.77024931,20.8549875,66.48983201,33.51016799,0.332117335,0.332578437,1.5,0.5,1.2,5904,3.054701295,263926.1919
eg14_047a,North Atlantic Right Whale,260,5,66180,13236,16:42:10,20:22:46,33536,6707.2,18:33:57,35422,2:32:32,1886,377.2,116.6,125,135.8,31.79650238,68.20349762,30.41575632,17.82864609,57.12,42.88,0.361072778,0.349295075,1.5,0.5,1.2,5904,3.054701295,263926.1919
eg14_047a,North Atlantic Right Whale,261,5,66180,13236,16:42:10,20:22:46,37679,7535.8,18:47:46,39595,3:42:05,1916,383.2,83.4,195,105,65.0495566,34.9504434,29.63029088,15.27416154,83.17948718,16.82051282,0.323226146,0.32516893,1.5,0.5,1.2,5904,3.054701295,263926.1919
eg14_047a,North Atlantic Right Whale,262,5,66180,13236,16:42:10,20:22:46,45949,9189.8,19:15:20,47429,5:52:39,1480,296,68,109.6,118.6,55.43551654,44.56448346,28.00549017,15.93773589,73.35766423,26.64233577,0.373380204,0.362102197,1.5,0.5,1.2,5904,3.054701295,263926.1919
eg14_047a,North Atlantic Right Whale,263,5,66180,13236,16:42:10,20:22:46,47840,9568,19:21:38,48791,6:15:21,951,190.2,18.2,147.4,24.8,73.84453782,26.15546218,11.97145689,9.015462323,75.0339213,24.9660787,0.290370918,0.299581491,1.5,0.5,1.2,5904,3.054701295,263926.1919
eg14_047a,North Atlantic Right Whale,264,5,66180,13236,16:42:10,20:22:46,53548,10709.6,19:40:40,54666,7:53:16,1118,223.6,87.6,23.4,112.8,18.31992851,81.68007149,23.33741328,14.69778765,0,100,0.356567523,NaN,1.5,0.5,1.2,5904,3.054701295,263926.1919
eg14_047a,North Atlantic Right Whale,265,5,66180,13236,16:42:10,20:22:46,55078,11015.6,19:45:46,57002,8:32:12,1924,384.8,60.2,234.2,90.6,30.23376623,69.76623377,28.92206879,21.40777751,31.42613151,68.57386849,0.30701255,0.320373234,1.5,0.5,1.2,5904,3.054701295,263926.1919
eg14_047a,North Atlantic Right Whale,266,5,66180,13236,16:42:10,20:22:46,58049,11609.8,19:55:40,60050,9:23:00,2001,400.2,69,265.2,66.2,51.54845155,48.45154845,28.85190724,23.35888231,56.0331825,43.9668175,0.304590321,0.29846537,1.5,0.5,1.2,5904,3.054701295,263926.1919
eg14_047a,North Atlantic Right Whale,267,5,66180,13236,16:42:10,20:22:46,60788,12157.6,20:04:48,63062,10:13:12,2274,454.8,95.4,258.6,101,10.76923077,89.23076923,28.28064321,22.58276924,16.86001547,83.13998453,0.308714399,0.296064235,1.5,0.5,1.2,5904,3.054701295,263926.1919
eg14_047a,North Atlantic Right Whale,268,5,66180,13236,16:42:10,20:22:46,63984,12796.8,20:15:27,65960,11:01:30,1976,395.2,73,125.6,196.8,15.52857865,84.47142135,29.9609411,19.72902233,3.025477707,96.97452229,0.32507024,NaN,1.5,0.5,1.2,5904,3.054701295,263926.1919
eg14_056a,North Atlantic Right Whale,269,5,11482,2296.4,10:27:00,11:05:16,28032,5606.4,12:00:26,29384,18:36:44,1352,270.4,14.4,235,21.2,70.36215817,29.63784183,8.103700128,6.80804279,66.04255319,33.95744681,0.177672197,0.173082093,1.5,0.5,1.2,5904,3.054701295,263926.1919
eg14_056a,North Atlantic Right Whale,270,5,11482,2296.4,10:27:00,11:05:16,30155,6031,12:07:31,31518,19:12:18,1363,272.6,53.4,179.8,39.6,68.76832845,31.23167155,8.864752504,7.740077033,66.29588432,33.70411568,0.181441969,0.164043797,1.5,0.5,1.2,5904,3.054701295,263926.1919
eg14_056a,North Atlantic Right Whale,271,5,11482,2296.4,10:27:00,11:05:16,31948,6389.6,12:13:30,33655,19:47:55,1707,341.4,33.6,272.2,35.8,79.3911007,20.6088993,9.032076792,7.926986016,74.13666422,25.86333578,0.164797367,0.168741125,1.5,0.5,1.2,5904,3.054701295,263926.1919
eg14_056a,North Atlantic Right Whale,272,5,11482,2296.4,10:27:00,11:05:16,34738,6947.6,12:22:48,36740,20:39:20,2002,400.4,38.6,337.2,24.8,72.64103844,27.35896156,9.641042293,7.610743019,67.4970344,32.5029656,0.164366897,0.16895427,1.5,0.5,1.2,5904,3.054701295,263926.1919
eg14_056a,North Atlantic Right Whale,273,5,11482,2296.4,10:27:00,11:05:16,37540,7508,12:32:08,39755,21:29:35,2215,443,45.4,349.4,48.4,61.9133574,38.0866426,10.97172683,8.825646648,62.2209502,37.7790498,0.192646511,0.19639971,1.5,0.5,1.2,5904,3.054701295,263926.1919
eg14_056a,North Atlantic Right Whale,274,5,11482,2296.4,10:27:00,11:05:16,40047,8009.4,12:40:29,40615,21:43:55,568,113.6,35.4,36,42.4,70.12302285,29.87697715,8.999913386,7.350308986,48.33333333,51.66666667,0.147458956,0.153846154,1.5,0.5,1.2,5904,3.054701295,263926.1919
eg14_056a,North Atlantic Right Whale,275,5,11482,2296.4,10:27:00,11:05:16,41141,8228.2,12:44:08,42062,22:08:02,921,184.2,39.4,99.2,45.8,47.07158351,52.92841649,10.88126331,8.125521891,29.43548387,70.56451613,0.173047048,0.160010241,1.5,0.5,1.2,5904,3.054701295,263926.1919
eg14_056a,North Atlantic Right Whale,276,5,11482,2296.4,10:27:00,11:05:16,42531,8506.2,12:48:46,45044,22:57:44,2513,502.6,44.2,423.8,34.8,63.04693715,36.95306285,10.27844487,8.615188153,61.58565361,38.41434639,0.180370668,0.181975461,1.5,0.5,1.2,5904,3.054701295,263926.1919
eg14_056a,North Atlantic Right Whale,277,5,11482,2296.4,10:27:00,11:05:16,45842,9168.4,12:59:48,46884,23:28:24,1042,208.4,45,119.4,44.2,91.94630872,8.053691275,10.4219954,8.705626372,86.09715243,13.90284757,0.176427458,0.185266566,1.5,0.5,1.2,5904,3.054701295,263926.1919
eg14_056a,North Atlantic Right Whale,278,5,11482,2296.4,10:27:00,11:05:16,49445,9889,13:11:49,50567,0:29:47,1122,224.4,34.2,151.2,39.2,71.86108638,28.13891362,10.26315505,7.864203194,76.58730159,23.41269841,0.163639239,0.15887351,1.5,0.5,1.2,5904,3.054701295,263926.1919
eg14_056a,North Atlantic Right Whale,279,5,11482,2296.4,10:27:00,11:05:16,91173,18234.6,15:30:55,92705,12:12:05,1532,306.4,63,159.4,84.2,32.9419439,67.0580561,11.4632177,9.74406235,33.75156838,66.24843162,0.174115134,0.168973679,1.5,0.5,1.2,5904,3.054701295,263926.1919
eg14_056a,North Atlantic Right Whale,280,5,11482,2296.4,10:27:00,11:05:16,94848,18969.6,15:43:10,97121,13:25:41,2273,454.6,49.6,381.4,23.8,6.332453826,93.66754617,9.737636835,7.343086859,7.551127425,92.44887257,0.216403162,0.216403162,1.5,0.5,1.2,5904,3.054701295,263926.1919
eg14_056a,North Atlantic Right Whale,281,5,11482,2296.4,10:27:00,11:05:16,109146,21829.2,16:30:49,111758,17:29:38,2612,522.4,58.2,414.8,49.6,13.24148488,86.75851512,11.49351585,9.48587518,12.487946,87.512054,0.156411573,0.158201033,1.5,0.5,1.2,5904,3.054701295,263926.1919
eg16_025a,North Atlantic Right Whale,282,5,89927,17985.4,14:28:47,19:28:32,1176,235.2,14:32:42,3299,15:23:46,2123,424.6,49.8,308.8,66.2,49.29378531,50.70621469,13.84785978,12.22338844,46.0492228,53.9507772,0.17031014,0.172850712,1.5,0.5,1.2,5904,3.054701295,263926.1919
eg16_025a,North Atlantic Right Whale,283,5,89927,17985.4,14:28:47,19:28:32,4940,988,14:45:15,6844,16:22:51,1904,380.8,38.6,248.2,94.2,37.48031496,62.51968504,15.9526604,13.16684291,28.68654311,71.31345689,0.169851619,0.190108942,1.5,0.5,1.2,5904,3.054701295,263926.1919
eg16_025a,North Atlantic Right Whale,284,5,89927,17985.4,14:28:47,19:28:32,11479,2295.8,15:07:03,13415,18:12:22,1936,387.2,35.4,331,21,54.1559112,45.8440888,19.77200269,16.33000335,48.39879154,51.60120846,0.172671372,0.176793122,1.5,0.5,1.2,5904,3.054701295,263926.1919
eg16_025a,North Atlantic Right Whale,285,5,89927,17985.4,14:28:47,19:28:32,13504,2700.8,15:13:48,14489,18:30:16,985,197,23.2,135,39,77.07910751,22.92089249,19.82191959,15.8365653,67.7037037,32.2962963,0.169351267,0.183455398,1.5,0.5,1.2,5904,3.054701295,263926.1919
eg16_025a,North Atlantic Right Whale,286,5,89927,17985.4,14:28:47,19:28:32,14906,2981.2,15:18:28,16694,19:07:01,1788,357.6,27.6,265.8,64.4,64.84069312,35.15930688,17.60016859,14.58568868,58.9917231,41.0082769,0.167026409,0.181222251,1.5,0.5,1.2,5904,3.054701295,263926.1919
eg16_025a,North Atlantic Right Whale,287,5,89927,17985.4,14:28:47,19:28:32,17208,3441.6,15:26:09,18603,19:38:50,1395,279,90.2,146.4,42.6,49.49856734,50.50143266,18.65027301,13.89665782,46.8579235,53.1420765,0.166247174,0.182056813,1.5,0.5,1.2,5904,3.054701295,263926.1919
eg16_025a,North Atlantic Right Whale,288,5,89927,17985.4,14:28:47,19:28:32,19596,3919.2,15:34:06,22511,20:43:58,2915,583,58.6,477.6,47,28.18930041,71.81069959,10.26652602,8.800272024,29.18760469,70.81239531,0.160101168,0.161480589,1.5,0.5,1.2,5904,3.054701295,263926.1919
eg16_025a,North Atlantic Right Whale,289,5,89927,17985.4,14:28:47,19:28:32,23566,4713.2,15:47:20,26720,21:54:07,3154,630.8,41,540.8,49.2,51.69572108,48.30427892,17.65852982,14.60152509,45.89497041,54.10502959,0.15225606,0.15411624,1.5,0.5,1.2,5904,3.054701295,263926.1919
eg16_025a,North Atlantic Right Whale,290,5,89927,17985.4,14:28:47,19:28:32,27335,5467,15:59:54,29982,22:48:29,2647,529.4,33.8,454.4,41.4,53.32326284,46.67673716,15.54934228,13.36082456,55.19366197,44.80633803,0.17256185,0.175832021,1.5,0.5,1.2,5904,3.054701295,263926.1919
eg16_025a,North Atlantic Right Whale,291,5,89927,17985.4,14:28:47,19:28:32,30883,6176.6,16:11:44,33346,23:44:33,2463,492.6,36.2,336,120.6,47.07792208,52.92207792,14.46417284,12.49467402,42.5,57.5,0.154931505,0.153863171,1.5,0.5,1.2,5904,3.054701295,263926.1919
eg16_025a,North Atlantic Right Whale,292,5,89927,17985.4,14:28:47,19:28:32,35168,7033.6,16:26:01,38659,1:13:06,3491,698.2,41.8,563.2,93.4,31.64375716,68.35624284,15.27720635,13.50944003,25.85227273,74.14772727,0.183591411,0.184732429,1.5,0.5,1.2,5904,3.054701295,263926.1919
eg16_025a,North Atlantic Right Whale,293,5,89927,17985.4,14:28:47,19:28:32,39471,7894.2,16:40:21,42783,2:21:50,3312,662.4,46.4,559.6,56.6,42.55961364,57.44038636,16.38843725,12.8588521,40.85060758,59.14939242,0.187059185,0.187754887,1.5,0.5,1.2,5904,3.054701295,263926.1919
eg16_025a,North Atlantic Right Whale,294,5,89927,17985.4,14:28:47,19:28:32,43648,8729.6,16:54:17,46648,3:26:15,3000,600,61.6,458.6,80,37.05431523,62.94568477,15.31849681,13.23059609,37.3746184,62.6253816,0.161864163,0.163522713,1.5,0.5,1.2,5904,3.054701295,263926.1919
eg16_025a,North Atlantic Right Whale,295,5,89927,17985.4,14:28:47,19:28:32,47486,9497.2,17:07:04,51034,4:39:21,3548,709.6,67.8,593,49,30.00845309,69.99154691,13.09355947,9.660808989,29.13996627,70.86003373,0.168552139,0.165906936,1.5,0.5,1.2,5904,3.054701295,263926.1919
eg16_025a,North Atlantic Right Whale,296,5,89927,17985.4,14:28:47,19:28:32,51939,10387.8,17:21:55,53939,5:27:46,2000,400,52.2,270.4,77.6,38.23088456,61.76911544,16.24697042,13.85225958,32.17455621,67.82544379,0.160337124,0.164560356,1.5,0.5,1.2,5904,3.054701295,263926.1919
eg16_025a,North Atlantic Right Whale,297,5,89927,17985.4,14:28:47,19:28:32,54092,10818.4,17:29:05,55813,5:59:00,1721,344.2,91.6,228,24.8,19.33797909,80.66202091,12.8224985,9.031794746,27.89473684,72.10526316,0.162912181,0.162912181,1.5,0.5,1.2,5904,3.054701295,263926.1919
eg16_025a,North Atlantic Right Whale,298,5,89927,17985.4,14:28:47,19:28:32,56790,11358,17:38:05,59948,7:07:55,3158,631.6,36.4,572.4,23,66.19183286,33.80816714,18.5907082,13.45177093,65.86303284,34.13696716,0.17368925,0.172890814,1.5,0.5,1.2,5904,3.054701295,263926.1919
eg16_025a,North Atlantic Right Whale,299,5,89927,17985.4,14:28:47,19:28:32,60655,12131,17:50:58,63610,8:08:57,2955,591,39.2,511,41,37.95669824,62.04330176,13.60572294,10.47667537,34.95107632,65.04892368,0.161462983,0.160963818,1.5,0.5,1.2,5904,3.054701295,263926.1919
eg16_025a,North Atlantic Right Whale,300,5,89927,17985.4,14:28:47,19:28:32,64484,12896.8,18:03:44,66879,9:03:26,2395,479,32,426,21.2,64.27378965,35.72621035,16.28352927,13.57638277,67.32394366,32.67605634,0.183734868,0.183166154,1.5,0.5,1.2,5904,3.054701295,263926.1919
eg16_025a,North Atlantic Right Whale,301,5,89927,17985.4,14:28:47,19:28:32,77012,15402.4,18:45:29,79391,12:31:58,2379,475.8,39.2,364.6,72.2,38.27731092,61.72268908,19.2349784,13.88565936,36.14920461,63.85079539,0.189822669,0.197216861,1.5,0.5,1.2,5904,3.054701295,263926.1919
eg16_025a,North Atlantic Right Whale,302,5,89927,17985.4,14:28:47,19:28:32,80254,16050.8,18:56:18,83271,13:36:38,3017,603.4,34.2,522,47.4,63.45261763,36.54738237,14.82135613,12.91581162,66.20689655,33.79310345,0.189727029,0.191814997,1.5,0.5,1.2,5904,3.054701295,263926.1919
eg16_025a,North Atlantic Right Whale,303,5,89927,17985.4,14:28:47,19:28:32,83975,16795,19:08:42,86739,14:34:26,2764,552.8,40.2,438.2,74.6,67.88426763,32.11573237,19.48233952,15.72672159,67.2752168,32.7247832,0.177283564,0.185533415,1.5,0.5,1.2,5904,3.054701295,263926.1919
eg16_031a,North Atlantic Right Whale,304,5,117490,23498,10:40:29,17:12:07,6729,1345.8,11:02:55,7792,12:50:21,1063,212.6,13,189.8,10,84.21052632,15.78947368,6.765699883,6.225837787,82.2971549,17.7028451,0.166222321,0.168404419,1.5,0.5,1.2,5904,3.054701295,263926.1919
eg16_031a,North Atlantic Right Whale,305,5,117490,23498,10:40:29,17:12:07,8087,1617.4,11:07:26,8407,13:00:36,320,64,20.8,31.6,11.8,74.14330218,25.85669782,6.858097755,6.257282659,64.55696203,35.44303797,0.172109712,0.185185185,1.5,0.5,1.2,5904,3.054701295,263926.1919
eg16_031a,North Atlantic Right Whale,306,5,117490,23498,10:40:29,17:12:07,8974,1794.8,11:10:24,9317,13:15:46,343,68.6,11.8,41.6,15.4,100,0,7.195247742,6.418210017,100,0,0.150855372,0.140625,1.5,0.5,1.2,5904,3.054701295,263926.1919
eg16_031a,North Atlantic Right Whale,307,5,117490,23498,10:40:29,17:12:07,9463,1892.6,11:12:02,10945,13:42:54,1482,296.4,14.4,250.8,31.4,85.50236008,14.49763992,7.45486571,6.796804256,92.34449761,7.655502392,0.159727909,0.162215986,1.5,0.5,1.2,5904,3.054701295,263926.1919
eg16_031a,North Atlantic Right Whale,308,5,117490,23498,10:40:29,17:12:07,11240,2248,11:17:57,12265,14:04:54,1025,205,21.8,165.8,17.6,62.86549708,37.13450292,7.642763504,6.981902491,73.58262967,26.41737033,0.188732592,0.188732592,1.5,0.5,1.2,5904,3.054701295,263926.1919
eg16_031a,North Atlantic Right Whale,309,5,117490,23498,10:40:29,17:12:07,12731,2546.2,11:22:55,14200,14:37:09,1469,293.8,27.2,234.2,32.6,71.15646259,28.84353741,7.803431487,6.991420142,63.79163108,36.20836892,0.182365611,0.179464732,1.5,0.5,1.2,5904,3.054701295,263926.1919
eg16_031a,North Atlantic Right Whale,310,5,117490,23498,10:40:29,17:12:07,14645,2929,11:29:18,16305,15:12:14,1660,332,22.2,285.2,24.8,52.1974714,47.8025286,8.642944657,7.750222598,49.64936886,50.35063114,0.178637581,0.181630309,1.5,0.5,1.2,5904,3.054701295,263926.1919
eg16_031a,North Atlantic Right Whale,311,5,117490,23498,10:40:29,17:12:07,16763,3352.6,11:36:22,18631,15:51:00,1868,373.6,29.2,326,18.6,73.99678973,26.00321027,7.963694015,7.265194867,70.24539877,29.75460123,0.17575686,0.179940073,1.5,0.5,1.2,5904,3.054701295,263926.1919
eg16_031a,North Atlantic Right Whale,312,5,117490,23498,10:40:29,17:12:07,19221,3844.2,11:44:33,20529,16:22:38,1308,261.6,29.2,222.6,10,50.57295646,49.42704354,8.828719044,7.856275349,50.31446541,49.68553459,0.169043985,0.155749426,1.5,0.5,1.2,5904,3.054701295,263926.1919
eg16_031a,North Atlantic Right Whale,313,5,117490,23498,10:40:29,17:12:07,23035,4607,11:57:16,25215,17:40:44,2180,436,51.8,335.4,49,38.37689133,61.62310867,8.324911219,7.390585125,30.23255814,69.76744186,0.15932251,0.157667946,1.5,0.5,1.2,5904,3.054701295,263926.1919
eg16_031a,North Atlantic Right Whale,314,5,117490,23498,10:40:29,17:12:07,26287,5257.4,12:08:06,29217,18:47:26,2930,586,42.2,512.4,31.6,45.0017059,54.9982941,8.753250248,7.389241277,44.73067916,55.26932084,0.159189378,0.158999274,1.5,0.5,1.2,5904,3.054701295,263926.1919
eg16_031a,North Atlantic Right Whale,315,5,117490,23498,10:40:29,17:12:07,29909,5981.8,12:20:11,31512,19:25:41,1603,320.6,43.4,241.4,36,74.6882793,25.3117207,8.187253527,7.031495091,69.84258492,30.15741508,0.15038523,0.154197698,1.5,0.5,1.2,5904,3.054701295,263926.1919
eg16_031a,North Atlantic Right Whale,316,5,117490,23498,10:40:29,17:12:07,32598,6519.6,12:29:09,36362,20:46:31,3764,752.8,53.4,651.2,48.4,43.79814077,56.20185923,9.241312586,7.322423658,48.95577396,51.04422604,0.160384391,0.160384391,1.5,0.5,1.2,5904,3.054701295,263926.1919
eg16_031a,North Atlantic Right Whale,317,5,117490,23498,10:40:29,17:12:07,37155,7431,12:44:20,40597,21:57:06,3442,688.4,42,560.4,86.2,48.30090038,51.69909962,10.96064518,9.202811383,42.89793005,57.10206995,0.165878273,0.170015334,1.5,0.5,1.2,5904,3.054701295,263926.1919
eg16_031a,North Atlantic Right Whale,318,5,117490,23498,10:40:29,17:12:07,41404,8280.8,12:58:30,43224,22:40:53,1820,364,39.2,274,51,59.85722131,40.14277869,11.32522412,9.323552585,51.53284672,48.46715328,0.167250325,0.171228297,1.5,0.5,1.2,5904,3.054701295,263926.1919
eg16_031a,North Atlantic Right Whale,319,5,117490,23498,10:40:29,17:12:07,43479,8695.8,13:05:25,45455,23:18:04,1976,395.2,48.6,286.8,60,83.35862418,16.64137582,9.718282055,7.223301176,88.84239888,11.15760112,0.170787531,0.179377758,1.5,0.5,1.2,5904,3.054701295,263926.1919
eg16_031a,North Atlantic Right Whale,320,5,117490,23498,10:40:29,17:12:07,46153,9230.6,13:14:20,47152,23:46:21,999,199.8,31,138.8,30.2,68.9,31.1,11.06896605,8.662881028,71.46974063,28.53025937,0.157961421,0.165987876,1.5,0.5,1.2,5904,3.054701295,263926.1919
eg16_031a,North Atlantic Right Whale,321,5,117490,23498,10:40:29,17:12:07,47730,9546,13:19:35,50052,0:34:41,2322,464.4,35.8,349.6,79.2,55.61773569,44.38226431,12.02814216,9.692718754,55.7208238,44.2791762,0.163858434,0.16852975,1.5,0.5,1.2,5904,3.054701295,263926.1919
eg16_031a,North Atlantic Right Whale,322,5,117490,23498,10:40:29,17:12:07,50956,10191.2,13:30:20,54181,1:43:30,3225,645,68,509,68.2,44.85430874,55.14569126,11.66393188,9.462500945,35.16699411,64.83300589,0.171806795,0.167405086,1.5,0.5,1.2,5904,3.054701295,263926.1919
eg16_031a,North Atlantic Right Whale,323,5,117490,23498,10:40:29,17:12:07,54949,10989.8,13:43:39,57892,2:45:21,2943,588.6,37.2,515.8,35.8,42.1875,57.8125,10.99498645,9.347804935,39.66653742,60.33346258,0.156872949,0.153762658,1.5,0.5,1.2,5904,3.054701295,263926.1919
eg16_031a,North Atlantic Right Whale,324,5,117490,23498,10:40:29,17:12:07,59648,11929.6,13:59:19,64088,4:28:37,4440,888,49.6,810.8,27.8,49.31321774,50.68678226,12.17607457,9.24946891,52.61470153,47.38529847,0.171097353,0.170883808,1.5,0.5,1.2,5904,3.054701295,263926.1919
eg16_031a,North Atlantic Right Whale,325,5,117490,23498,10:40:29,17:12:07,69312,13862.4,14:31:31,72388,6:46:57,3076,615.2,34.4,526.8,54.2,16.34709132,83.65290868,12.43411897,10.86064012,8.352315869,91.64768413,0.188011684,0.195476161,1.5,0.5,1.2,5904,3.054701295,263926.1919
eg16_031a,North Atlantic Right Whale,326,5,117490,23498,10:40:29,17:12:07,74341,14868.2,14:48:17,76989,8:03:38,2648,529.6,62,431.2,36.6,68.10117025,31.89882975,11.87534557,9.380551872,69.10946197,30.89053803,0.156562041,0.159193206,1.5,0.5,1.2,5904,3.054701295,263926.1919
eg16_031a,North Atlantic Right Whale,327,5,117490,23498,10:40:29,17:12:07,77882,15576.4,15:00:05,80123,8:55:52,2241,448.2,43.6,357.2,47.6,63.55932203,36.44067797,10.77403396,8.768286928,58.00671892,41.99328108,0.186097277,0.187736856,1.5,0.5,1.2,5904,3.054701295,263926.1919
eg16_031a,North Atlantic Right Whale,328,5,117490,23498,10:40:29,17:12:07,81286,16257.2,15:11:26,82103,9:28:52,817,163.4,35.8,75.2,52.6,63.56968215,36.43031785,10.48122969,8.945966808,76.59574468,23.40425532,0.177504865,0.179934558,1.5,0.5,1.2,5904,3.054701295,263926.1919
eg16_031a,North Atlantic Right Whale,329,5,117490,23498,10:40:29,17:12:07,82778,16555.6,15:16:25,84677,10:11:46,1899,379.8,36,271,73,66.36842105,33.63157895,11.54147144,9.301906338,82.65682657,17.34317343,0.192143142,0.195027152,1.5,0.5,1.2,5904,3.054701295,263926.1919
eg16_031a,North Atlantic Right Whale,330,5,117490,23498,10:40:29,17:12:07,85659,17131.8,15:26:01,86831,10:47:40,1172,234.4,66.6,151.8,16.2,83.97271952,16.02728048,11.5524515,7.847759083,85.90250329,14.09749671,0.159380735,0.161695182,1.5,0.5,1.2,5904,3.054701295,263926.1919
eg16_031a,North Atlantic Right Whale,331,5,117490,23498,10:40:29,17:12:07,87739,17547.8,15:32:57,90069,11:41:38,2330,466,31.4,345.6,89.2,51.26555127,48.73444873,12.10875846,10.28528565,39.23611111,60.76388889,0.168974518,0.155436063,1.5,0.5,1.2,5904,3.054701295,263926.1919
eg16_031a,North Atlantic Right Whale,332,5,117490,23498,10:40:29,17:12:07,91124,18224.8,15:44:14,94959,13:03:08,3835,767,47,629.2,91,72.75808133,27.24191867,12.19481743,8.68767147,78.83026065,21.16973935,0.186078871,0.186122526,1.5,0.5,1.2,5904,3.054701295,263926.1919
eg16_031a,North Atlantic Right Whale,333,5,117490,23498,10:40:29,17:12:07,95776,19155.2,15:59:44,100206,14:30:35,4430,886,50.4,789.2,46.6,37.93726021,62.06273979,11.96967356,9.599808014,33.45159655,66.54840345,0.159985165,0.16329119,1.5,0.5,1.2,5904,3.054701295,263926.1919
eg16_031a,North Atlantic Right Whale,334,5,117490,23498,10:40:29,17:12:07,101889,20377.8,16:20:07,104926,15:49:15,3037,607.4,65.6,503.2,38.8,25.74061883,74.25938117,11.38724913,9.238225773,25.11923688,74.88076312,0.175732012,0.177380256,1.5,0.5,1.2,5904,3.054701295,263926.1919
eg16_031a,North Atlantic Right Whale,335,5,117490,23498,10:40:29,17:12:07,106454,21290.8,16:35:20,111286,17:35:15,4832,966.4,54,861.8,50.8,45.81005587,54.18994413,12.31685914,9.808781852,46.06637271,53.93362729,0.159915488,0.161769853,1.5,0.5,1.2,5904,3.054701295,263926.1919
eg16_032a,North Atlantic Right Whale,336,5,30657,6131.4,15:53:35,17:35:46,1484,296.8,15:58:32,2483,16:34:58,999,199.8,49.6,116,34.4,57.6,42.4,11.40273118,10.11143651,68.44827586,31.55172414,0.211262169,0.21917138,1.5,0.5,1.2,5904,3.054701295,263926.1919
eg16_032a,North Atlantic Right Whale,337,5,30657,6131.4,15:53:35,17:35:46,11371,2274.2,16:31:29,12237,19:17:32,866,173.2,88.4,61.4,23.6,31.60322953,68.39677047,11.411208,9.111527798,61.23778502,38.76221498,0.155797362,0.16143352,1.5,0.5,1.2,5904,3.054701295,263926.1919
eg16_032a,North Atlantic Right Whale,338,5,30657,6131.4,15:53:35,17:35:46,12699,2539.8,16:35:55,13546,19:39:21,847,169.4,45,85,39.6,88.91509434,11.08490566,12.0539137,10.02234194,100,0,0.162377346,0.144702218,1.5,0.5,1.2,5904,3.054701295,263926.1919
eg16_032a,North Atlantic Right Whale,339,5,30657,6131.4,15:53:35,17:35:46,15208,3041.6,16:44:17,16203,20:23:38,995,199,48,117.6,33.6,59.53815261,40.46184739,12.69252773,10.19454449,61.73469388,38.26530612,0.188834855,0.199091851,1.5,0.5,1.2,5904,3.054701295,263926.1919
eg16_032a,North Atlantic Right Whale,340,5,30657,6131.4,15:53:35,17:35:46,21411,4282.2,17:04:57,22543,22:09:18,1132,226.4,54.8,106.6,65.2,53.309797,46.690203,11.78694661,10.04447528,60.22514071,39.77485929,0.187533978,0.168588137,1.5,0.5,1.2,5904,3.054701295,263926.1919
eg16_032a,North Atlantic Right Whale,341,5,30657,6131.4,15:53:35,17:35:46,23230,4646,17:11:01,25938,23:05:53,2708,541.6,75.2,412.6,54,46.29014396,53.70985604,11.2993874,9.285261408,38.77847794,61.22152206,0.202883354,0.218826458,1.5,0.5,1.2,5904,3.054701295,263926.1919
eg16_032a,North Atlantic Right Whale,342,5,30657,6131.4,15:53:35,17:35:46,26891,5378.2,17:23:13,27911,23:38:46,1020,204,44,130.4,29.8,83.15377081,16.84622919,9.914037409,8.617872172,96.47239264,3.527607362,0.226249171,0.228423592,1.5,0.5,1.2,5904,3.054701295,263926.1919
eg16_032a,North Atlantic Right Whale,343,5,30657,6131.4,15:53:35,17:35:46,29067,5813.4,17:30:28,29913,0:12:08,846,169.2,69.4,67.8,32.2,60.21251476,39.78748524,9.92605781,8.370475067,88.49557522,11.50442478,0.202170053,0.221351401,1.5,0.5,1.2,5904,3.054701295,263926.1919